name,color,shipType,damage,upDamage,round,speed,upSpeed,range,spread,cannon,antiair,trajectory,angle,ammoType,box,drop,icon
120mm单装炮T1（皇家）,白色,驱逐炮,4,6,1,0.96,0.9,45,7°,,,锁定,360,通常弹,威斯克,,https://patchwiki.biligame.com/images/blhx/thumb/d/dc/5i1jgx4xuta9o3tt4zoeq79w6867fd0.jpg/30px-120mm%E5%8D%95%E8%A3%85%E7%82%AET1%EF%BC%88%E7%9A%87%E5%AE%B6%EF%BC%89.jpg
120mm单装炮T1（重樱）,白色,驱逐炮,3,4,1,1.3,1.22,45,5°,,,锁定,360,通常弹,藏王重工,,https://patchwiki.biligame.com/images/blhx/thumb/7/71/00tmycof9qsj04npeyymskdg7e0sxkz.jpg/30px-120mm%E5%8D%95%E8%A3%85%E7%82%AET1%EF%BC%88%E9%87%8D%E6%A8%B1%EF%BC%89.jpg
120mm单装炮T2（皇家）,白色,驱逐炮,4,7,1,0.92,0.86,45,7°,5,,锁定,360,通常弹,威斯克,,https://patchwiki.biligame.com/images/blhx/thumb/8/81/o7iajgqcwp71rkyfw7j5xjdt424ay1i.jpg/30px-120mm%E5%8D%95%E8%A3%85%E7%82%AET2%EF%BC%88%E7%9A%87%E5%AE%B6%EF%BC%89.jpg
120mm单装炮T2（重樱）,白色,驱逐炮,3,4,1,1.24,1.16,45,5°,5,,锁定,360,通常弹,藏王重工,,https://patchwiki.biligame.com/images/blhx/thumb/d/d7/ivuqfut6xbwnylcc8ku9p9htqlpppvm.jpg/30px-120mm%E5%8D%95%E8%A3%85%E7%82%AET2%EF%BC%88%E9%87%8D%E6%A8%B1%EF%BC%89.jpg
120mm单装炮T3（皇家）,蓝色,驱逐炮,4,11,1,0.87,0.76,45,7°,12,,锁定,360,通常弹,威斯克,1-4、光荣的一战SP1、异次元SP3、传颂之物SP2、峡湾间的星辰SP1、铁血音符誓言A1,https://patchwiki.biligame.com/images/blhx/thumb/9/9e/8xq9pzrfsy3krivcqp4qmx6nasi2kg2.jpg/30px-120mm%E5%8D%95%E8%A3%85%E7%82%AET3%EF%BC%88%E7%9A%87%E5%AE%B6%EF%BC%89.jpg
120mm单装炮T3（重樱）,蓝色,驱逐炮,3,8,1,1.18,1.02,45,5°,12,,锁定,360,通常弹,藏王重工,2-4、墨染A1、月光下的序曲SP1、苍红的回响A1、复刻墨染A1、虚拟与真实的双向镜T3、微层混合A1、复刻苍红的回响A1,https://patchwiki.biligame.com/images/blhx/thumb/0/07/75av57rl30nka5efxmui3572ip8np00.jpg/30px-120mm%E5%8D%95%E8%A3%85%E7%82%AET3%EF%BC%88%E9%87%8D%E6%A8%B1%EF%BC%89.jpg
127mm单装炮T1,白色,驱逐炮,4,6,3,1.6,1.48,60,15°,5,,锁定,360,通常弹,克洛希德,,https://patchwiki.biligame.com/images/blhx/thumb/0/03/64p0p7fb351j72tl9up1gvnbtqdss5b.jpg/30px-127mm%E5%8D%95%E8%A3%85%E7%82%AET1.jpg
127mm单装炮T2,蓝色,驱逐炮,4,10,3,1.53,1.29,60,15°,12,,锁定,360,通常弹,克洛希德,,https://patchwiki.biligame.com/images/blhx/thumb/d/d4/hj2uxygyb76k3hwh51faohhbohbrt88.jpg/30px-127mm%E5%8D%95%E8%A3%85%E7%82%AET2.jpg
127mm单装炮T3,紫色,驱逐炮,4,15,3,1.46,1.06,60,15°,25,,锁定,360,高爆弹,克洛希德,3-2、10-1、11-1、坠落之翼A1、坠落之翼C1、墨染A4、墨染C4、复刻墨染A4、复刻墨染C4、箱庭疗法B2、激奏的PolarisSP1、微层混合C1、微层混合C2、穹顶下的圣咏曲C2,https://patchwiki.biligame.com/images/blhx/thumb/a/a4/f3cc392cjo8gvlzvfkqz5maf55vdnlq.jpg/30px-127mm%E5%8D%95%E8%A3%85%E7%82%AET3.jpg
127mm连装炮T1,白色,驱逐炮,4,5,4,2.04,1.93,45,15°,5,,锁定,360,通常弹,藏王重工,,https://patchwiki.biligame.com/images/blhx/thumb/a/a7/n9oowm4w7eidc1o5xq95pdzl7aprvwu.jpg/30px-127mm%E8%BF%9E%E8%A3%85%E7%82%AET1.jpg
127mm连装炮T2,蓝色,驱逐炮,4,8,4,1.94,1.73,45,15°,12,,锁定,360,通常弹,藏王重工,,https://patchwiki.biligame.com/images/blhx/thumb/7/7b/oqezow7altagijxpef18nn4xg1bhsgq.jpg/30px-127mm%E8%BF%9E%E8%A3%85%E7%82%AET2.jpg
127mm连装炮T3,紫色,驱逐炮,4,12,4,1.84,1.52,45,15°,25,,锁定,360,高爆弹,藏王重工,6-4、8-1、10-1、12-2、红染A1、红染C1、异次元SP3、墨染A1、墨染A4、墨染C1、墨染C4、月光下的序曲SP1、光与影的鸢尾之华B2、光与影的鸢尾之华D2、斯图尔特的硝烟SP2、苍红的回响B1、苍红的回响D1、复刻墨染A1、复刻墨染A4、复刻墨染C1、复刻墨染C4、复刻光与影的鸢尾之华B2、复刻光与影的鸢尾之华D2、穿越彼方的水线、激奏的PolarisSP2、激奏的PolarisSP4、虚拟与真实的双向镜T6、浮樱影华B1、浮樱影华B2、浮樱影华D1、浮樱影华D2、复刻苍红的回响B1、复刻苍红的回响D1,https://patchwiki.biligame.com/images/blhx/thumb/7/75/hxhsx0np9ubrzd13990oajzl6mbdtv7.jpg/30px-127mm%E8%BF%9E%E8%A3%85%E7%82%AET3.jpg
130mm单装炮Mle1924T1,白色,驱逐炮,3,4,5,2.06,1.94,50,15°,,,锁定,360,通常弹,,,https://patchwiki.biligame.com/images/blhx/thumb/4/40/ouq7w74ew85zkgwhbhxo9ftw77878b2.jpg/30px-130mm%E5%8D%95%E8%A3%85%E7%82%AEMle1924T1.jpg
130mm单装炮Mle1924T3,蓝色,驱逐炮,4,8,5,1.93,1.7,50,15°,12,,锁定,360,通常弹,,光与影的鸢尾之华B2、复刻光与影的鸢尾之华B2、穹顶下的圣咏曲A1,https://patchwiki.biligame.com/images/blhx/thumb/a/a5/24byb70ws81mdsb9ga2fchxw5bu81uo.jpg/30px-130mm%E5%8D%95%E8%A3%85%E7%82%AEMle1924T3.jpg
130mm单装炮T2,蓝色,驱逐炮,5,12,3,1.66,1.42,65,14°,12,,锁定,360,通常弹,,,https://patchwiki.biligame.com/images/blhx/thumb/7/7e/p0e78kgtlxz8f2vb7vae0nrbzlu3ntu.jpg/30px-130mm%E5%8D%95%E8%A3%85%E7%82%AET2.jpg
130mm单装炮T3,紫色,驱逐炮,6,17,3,1.6,1.2,65,14°,25,,锁定,360,高爆弹,,,https://patchwiki.biligame.com/images/blhx/thumb/6/60/d3g1pz3l8suyfr9mfslvd8uug2x2coo.jpg/30px-130mm%E5%8D%95%E8%A3%85%E7%82%AET3.jpg
138.6mm单装炮Mle1927T1,白色,驱逐炮,4,6,4,2.26,2.14,60,15°,5,,锁定,360,通常弹,,,https://patchwiki.biligame.com/images/blhx/thumb/d/dd/o47tteoukuan4grjwzq6qyarwfcpzlf.jpg/30px-138.6mm%E5%8D%95%E8%A3%85%E7%82%AEMle1927T1.jpg
138.6mm单装炮Mle1927T2,蓝色,驱逐炮,6,14,4,2.07,1.83,60,15°,12,,锁定,360,通常弹,,穹顶下的圣咏曲B1,https://patchwiki.biligame.com/images/blhx/thumb/b/b9/6hsif2fghepz3tforih8vbkxtnm4j6m.jpg/30px-138.6mm%E5%8D%95%E8%A3%85%E7%82%AEMle1927T2.jpg
138.6mm单装炮Mle1927T3,紫色,驱逐炮,6,19,4,1.92,1.52,60,15°,25,,锁定,360,通常弹,,穹顶下的圣咏曲B1、穹顶下的圣咏曲D1,https://patchwiki.biligame.com/images/blhx/thumb/7/73/ikq2v4uszoq40pnsu93shpkowhq2wpm.jpg/30px-138.6mm%E5%8D%95%E8%A3%85%E7%82%AEMle1927T3.jpg
138.6mm单装炮Mle1929T1,蓝色,驱逐炮,4,9,5,2.41,2.16,60,15°,12,,锁定,360,通常弹,,,https://patchwiki.biligame.com/images/blhx/thumb/b/b4/4yk8vgw4btnuw9xejyqhl2262su5mc9.jpg/30px-138.6mm%E5%8D%95%E8%A3%85%E7%82%AEMle1929T1.jpg
138.6mm单装炮Mle1929T2,紫色,驱逐炮,4,14,5,2.13,1.73,60,15°,25,,锁定,360,高爆弹,,光与影的鸢尾之华B2、光与影的鸢尾之华D2、复刻光与影的鸢尾之华B2、复刻光与影的鸢尾之华D2、激奏的PolarisSP5、激奏的PolarisSP、穹顶下的圣咏曲D1,https://patchwiki.biligame.com/images/blhx/thumb/4/4c/6vwyv7axaek7vkogkfhsplvzbbrqheg.jpg/30px-138.6mm%E5%8D%95%E8%A3%85%E7%82%AEMle1929T2.jpg
138.6mm单装炮Mle1929T3,金色,驱逐炮,5,15,5,2,1.6,60,15°,35,,锁定,360,高爆弹,,光与影的鸢尾之华D2、复刻光与影的鸢尾之华D2、穹顶下的圣咏曲D1,https://patchwiki.biligame.com/images/blhx/thumb/5/59/9a9ni4lnz08grpm5r8rl7s2o207yedj.jpg/30px-138.6mm%E5%8D%95%E8%A3%85%E7%82%AEMle1929T3.jpg
140mm单装炮T1,白色,轻巡炮,5,8,3,5.53,5.37,50,25°,,,锁定,360,通常弹,藏王重工,,https://patchwiki.biligame.com/images/blhx/thumb/6/66/s1gy4v68928a1k1pexorzbelgdbph1i.jpg/30px-140mm%E5%8D%95%E8%A3%85%E7%82%AET1.jpg
140mm单装炮T2,白色,轻巡炮,6,9,3,5.24,5.09,50,25°,5,,锁定,360,通常弹,藏王重工,,https://patchwiki.biligame.com/images/blhx/thumb/b/bb/7stx39e5n937ovakm6zk2ltlyat6dgs.jpg/30px-140mm%E5%8D%95%E8%A3%85%E7%82%AET2.jpg
140mm单装炮T3,蓝色,轻巡炮,7,13,3,5.04,4.73,50,25°,12,,锁定,360,高爆弹,藏王重工,3-1、斯图尔特的硝烟SP2、苍红的回响A2、苍红的回响A3、虚拟链接的共时性SP1、虚拟与真实的双向镜T2、浮樱影华A2、复刻苍红的回响A2、复刻苍红的回响A3,https://patchwiki.biligame.com/images/blhx/thumb/3/38/8hymkzhz9eirlll43jh9ctajj2t01jl.jpg/30px-140mm%E5%8D%95%E8%A3%85%E7%82%AET3.jpg
140mm连装炮T1,白色,轻巡炮,5,8,4,4.47,4.16,50,28°,5,,散射,120,通常弹,藏王重工,,https://patchwiki.biligame.com/images/blhx/thumb/b/bd/k3zi510e1poc2thyduhchvqrp1n6f8n.jpg/30px-140mm%E8%BF%9E%E8%A3%85%E7%82%AET1.jpg
140mm连装炮T2,蓝色,轻巡炮,6,12,4,4.22,3.64,50,28°,12,,散射,120,高爆弹,藏王重工,,https://patchwiki.biligame.com/images/blhx/thumb/e/e2/rhvsw1o95mlcyg7d1dkz1i1nfuosttb.jpg/30px-140mm%E8%BF%9E%E8%A3%85%E7%82%AET2.jpg
140mm连装炮T3,紫色,轻巡炮,7,17,4,3.98,3.08,50,28°,25,,散射,120,高爆弹,藏王重工,4-4、8-1、8-2、10-4、11-3、12-2、努力希望计划SP2、铅色SP3、红染A2、红染C2、异次元SP4、月光下的序曲SP2、斯图尔特的硝烟SP2、苍红的回响A2、苍红的回响C2、复刻苍红的回响A2、复刻苍红的回响C2,https://patchwiki.biligame.com/images/blhx/thumb/0/0f/qsmscj3tb9b1vwr1dmwezucq1lv2izo.jpg/30px-140mm%E8%BF%9E%E8%A3%85%E7%82%AET3.jpg
152mm连装炮T1,白色,轻巡炮,6,9,4,4.52,4.2,50,28°,5,,散射,120,通常弹,藏王重工,,https://patchwiki.biligame.com/images/blhx/thumb/2/2f/k0ovu7ya9arb61xjfeobg2y3zfde1wl.jpg/30px-152mm%E8%BF%9E%E8%A3%85%E7%82%AET1.jpg
152mm连装炮T2,蓝色,轻巡炮,7,13,4,4.29,3.69,50,28°,12,,散射,120,高爆弹,藏王重工,浮樱影华A3,https://patchwiki.biligame.com/images/blhx/thumb/6/65/mssqegzps0hxxibrryu4nwwqmw9i9bi.jpg/30px-152mm%E8%BF%9E%E8%A3%85%E7%82%AET2.jpg
152mm连装炮T3,紫色,轻巡炮,8,18,4,4.06,3.13,50,28°,25,,散射,120,高爆弹,藏王重工,浮樱影华A3、浮樱影华C3,https://patchwiki.biligame.com/images/blhx/thumb/3/3c/09xfvn0wnwzeexlmh09sa85htum8475.jpg/30px-152mm%E8%BF%9E%E8%A3%85%E7%82%AET3.jpg
155mm三连装炮T1,蓝色,轻巡炮,6,12,6,5.53,4.89,50,24°,12,,锁定,120,通常弹,藏王重工,,https://patchwiki.biligame.com/images/blhx/thumb/e/ef/nf2ve7h74wmljdhfy9bk2d6vyio84p1.jpg/30px-155mm%E4%B8%89%E8%BF%9E%E8%A3%85%E7%82%AET1.jpg
155mm三连装炮T2,紫色,轻巡炮,7,17,6,5.32,4.26,50,24°,25,,锁定,120,高爆弹,藏王重工,6-2、7-2、12-3、13-1、红染A3、红染C3、苍红的回响B2、苍红的回响B3、苍红的回响D3、虚拟与真实的双向镜T2、复刻苍红的回响B2、复刻苍红的回响B3、复刻苍红的回响D3、穹顶下的圣咏曲B2,https://patchwiki.biligame.com/images/blhx/thumb/4/45/8vuho4thj8mh71yx7vtpg2v1gkgku7d.jpg/30px-155mm%E4%B8%89%E8%BF%9E%E8%A3%85%E7%82%AET2.jpg
155mm三连装炮T3,金色,轻巡炮,8,18,6,5.19,4.12,50,24°,45,,锁定,120,高爆弹,藏王重工,6-2、8-3、13-1、红染B2、红染D2、异次元SP4、苍红的回响C2、虚拟链接的共时性SP4、浮樱影华C3、复刻苍红的回响C2,https://patchwiki.biligame.com/images/blhx/thumb/9/99/qthu4gnq9zlw73c5cvxbldw4scwdqhe.jpg/30px-155mm%E4%B8%89%E8%BF%9E%E8%A3%85%E7%82%AET3.jpg
203mm连装炮T1,白色,重巡炮,22,28,4,9.38,8.78,55,15°,5,,锁定,40,通常弹,藏王重工,,https://patchwiki.biligame.com/images/blhx/thumb/5/5c/73i0sdd7ijmdijo6d0bm3lcmwk9kj7i.jpg/30px-203mm%E8%BF%9E%E8%A3%85%E7%82%AET1.jpg
203mm连装炮T2,蓝色,重巡炮,24,36,4,8.99,7.77,55,15°,12,,锁定,40,高爆弹,藏王重工,,https://patchwiki.biligame.com/images/blhx/thumb/6/61/c6wm1w1txe3zs5uy2uds47r9ukqaix4.jpg/30px-203mm%E8%BF%9E%E8%A3%85%E7%82%AET2.jpg
203mm连装炮T3,紫色,重巡炮,26,46,4,8.85,6.17,55,15°,25,,锁定,40,高爆弹,藏王重工,4-2、8-3、8-4、12-1、努力希望计划SP3、七夕Sp1、红染B1、红染D1、异次元SP1、墨染B2、墨染D2、苍红的回响B2、苍红的回响D2、复刻墨染B2、复刻墨染D2、虚拟链接的共时性SP1、箱庭疗法B3、箱庭疗法D3、箱庭疗法SP、神圣的悲喜剧A2、神圣的悲喜剧B2、神圣的悲喜剧C2、神圣的悲喜剧D2、虚拟与真实的双向镜T1、虚拟与真实的双向镜T3、虚拟与真实的双向镜SP、浮樱影华B3、复刻苍红的回响B2、复刻苍红的回响D2,https://patchwiki.biligame.com/images/blhx/thumb/6/6f/aew1h375wx7qfp3qr6ekbth15kzbazt.jpg/30px-203mm%E8%BF%9E%E8%A3%85%E7%82%AET3.jpg
305mm连装炮T0,蓝色,战列炮,40,74,2,20.62,17.42,200,20,12,,跨射,50,通常弹,,,https://patchwiki.biligame.com/images/blhx/thumb/d/d0/hixdgywuw6xnctjh2m7xcc5b384bi8i.jpg/30px-305mm%E8%BF%9E%E8%A3%85%E7%82%AET0.jpg
356mm连装炮T1,白色,战列炮,38,56,2,24.2,22.75,200,20,,,跨射,50,通常弹,藏王重工,,https://patchwiki.biligame.com/images/blhx/thumb/9/95/thud9ge3mgx11oqy2e90ugw5uhfucsi.jpg/30px-356mm%E8%BF%9E%E8%A3%85%E7%82%AET1.jpg
356mm连装炮T2,白色,战列炮,42,62,2,23.04,21.66,200,20,5,,跨射,50,高爆弹,藏王重工,,https://patchwiki.biligame.com/images/blhx/thumb/2/20/a5czcrpkolytlx25hx5pacdzkw87bda.jpg/30px-356mm%E8%BF%9E%E8%A3%85%E7%82%AET2.jpg
356mm连装炮T3,蓝色,战列炮,46,88,2,21.89,19.27,200,20,12,,跨射,50,高爆弹,藏王重工,1-4、墨染A3、墨染B1、斯图尔特的硝烟SP1、复刻墨染A3、复刻墨染B1、箱庭疗法A3、虚拟与真实的双向镜T2,https://patchwiki.biligame.com/images/blhx/thumb/5/5f/0hiwv4dyw2y932dn6ce0bb6b8wakb7e.jpg/30px-356mm%E8%BF%9E%E8%A3%85%E7%82%AET3.jpg
410mm连装炮(三式弹)T0,金色,战列炮,12,22,10,24.28,19.29,200,20,25,25,散射,50,三式弹,军部科研室,,https://patchwiki.biligame.com/images/blhx/thumb/1/18/q8gw7un6562sdkq2rgte2xfrnk6gxy1.jpg/30px-410mm%E8%BF%9E%E8%A3%85%E7%82%AE%28%E4%B8%89%E5%BC%8F%E5%BC%B9%29T0.jpg
410mm连装炮T1,白色,战列炮,48,72,2,27.65,25.99,200,20,5,,跨射,50,通常弹,藏王重工,,https://patchwiki.biligame.com/images/blhx/thumb/d/d1/j2dy6ajg3eg7r116b665g3tv35umutl.jpg/30px-410mm%E8%BF%9E%E8%A3%85%E7%82%AET1.jpg
410mm连装炮T2,蓝色,战列炮,53,106,2,26.34,23.18,200,20,12,,跨射,50,高爆弹,藏王重工,,https://patchwiki.biligame.com/images/blhx/thumb/7/72/lypv4ysbprn8r755nri62ce73akx1b2.jpg/30px-410mm%E8%BF%9E%E8%A3%85%E7%82%AET2.jpg
76mm火炮T1,白色,驱逐炮,3,4,1,0.84,0.78,40,无,,,锁定,360,通常弹,克洛希德,,https://patchwiki.biligame.com/images/blhx/thumb/0/0a/njwj3iuzozmto8mcxdux39wtx4bvxto.jpg/30px-76mm%E7%81%AB%E7%82%AET1.jpg
76mm火炮T2,白色,驱逐炮,3,4,1,0.8,0.74,40,无,5,,锁定,360,通常弹,克洛希德,,https://patchwiki.biligame.com/images/blhx/thumb/6/6a/lrgr6i87ie676ylwfuhh0o3bxsu4pss.jpg/30px-76mm%E7%81%AB%E7%82%AET2.jpg
76mm火炮T3,蓝色,驱逐炮,3,7,1,0.76,0.67,40,无,12,,锁定,360,通常弹,克洛希德,3-3、墨染A2、复刻墨染A2、虚拟链接的共时性SP1、虚拟与真实的双向镜T1、微层混合A3,https://patchwiki.biligame.com/images/blhx/thumb/d/d9/3dqcsvdy8p0oxhfnyzfirfqrkotjj2g.jpg/30px-76mm%E7%81%AB%E7%82%AET3.jpg
B-13 双联装130mm主炮B-2LMT1,蓝色,驱逐炮,3,7,6,2.38,2.12,55,12°,12,,锁定,200,通常弹,,,https://patchwiki.biligame.com/images/blhx/thumb/f/f9/bby0fng9ewj3aokc3g7cff3ewi3ujsd.jpg/30px-B-13_%E5%8F%8C%E8%81%94%E8%A3%85130mm%E4%B8%BB%E7%82%AEB-2LMT1.jpg
B-13 双联装130mm主炮B-2LMT3,金色,驱逐炮,6,15,6,2.14,1.73,65,12°,35,,锁定,200,通常弹,,,https://patchwiki.biligame.com/images/blhx/thumb/d/d7/fueilu4f47me6winhvcgvagcqht84a8.jpg/30px-B-13_%E5%8F%8C%E8%81%94%E8%A3%85130mm%E4%B8%BB%E7%82%AEB-2LMT3.jpg
B-37 三联装406mm主炮MK-1T1,蓝色,战列炮,50,101,3,33.27,29.27,200,22,12,,跨射,50,通常弹,,北境序曲B1,https://patchwiki.biligame.com/images/blhx/thumb/b/b9/a1rvjb2kfex1w58o5nk9z3oyr7ht7a4.jpg/30px-B-37_%E4%B8%89%E8%81%94%E8%A3%85406mm%E4%B8%BB%E7%82%AEMK-1T1.jpg
B-37 三联装406mm主炮MK-1T2,紫色,战列炮,56,149,3,31.68,25.35,200,22,25,,跨射,50,通常弹,,北境序曲B3、北境序曲D3,https://patchwiki.biligame.com/images/blhx/thumb/9/94/fd13f92qe2hhezsmwtxzzdpszrxn5jl.jpg/30px-B-37_%E4%B8%89%E8%81%94%E8%A3%85406mm%E4%B8%BB%E7%82%AEMK-1T2.jpg
B-38 三联装152mm主炮MK5T1,蓝色,轻巡炮,5,10,6,4.34,4.1,65,18°,12,,锁定,110,通常弹,,北境序曲A3,https://patchwiki.biligame.com/images/blhx/thumb/d/dd/3aiav1lz6psnbzj33jc6evbgzdvg19j.jpg/30px-B-38_%E4%B8%89%E8%81%94%E8%A3%85152mm%E4%B8%BB%E7%82%AEMK5T1.jpg
B-38 三联装152mm主炮MK5T2,紫色,轻巡炮,6,15,6,4.26,3.66,65,18°,25,,锁定,110,高爆弹,,北境序曲A3、北境序曲C3、北境序曲SP,https://patchwiki.biligame.com/images/blhx/thumb/9/9e/esli7fxrjz1erm9xeuvdk7yqxlkskja.jpg/30px-B-38_%E4%B8%89%E8%81%94%E8%A3%85152mm%E4%B8%BB%E7%82%AEMK5T2.jpg
B-38 三联装152mm主炮MK5T3,金色,轻巡炮,7,16,6,4.19,3.56,65,18°,45,,锁定,110,高爆弹,,北境序曲D3、北境序曲SP,https://patchwiki.biligame.com/images/blhx/thumb/c/c4/02lwnrlw0qtwu8xekp26slrtmnde6sa.jpg/30px-B-38_%E4%B8%89%E8%81%94%E8%A3%85152mm%E4%B8%BB%E7%82%AEMK5T3.jpg
三联283mmSKC28主炮T1,白色,大口径重巡炮,30,36,6,11.64,10.94,60,25,5,,锁定,40,穿甲弹,伯鲁克,,https://patchwiki.biligame.com/images/blhx/thumb/9/9e/i8fqusiovj1qzpre5vr9lygmbf82i0t.jpg/30px-%E4%B8%89%E8%81%94283mmSKC28%E4%B8%BB%E7%82%AET1.jpg
三联283mmSKC28主炮T2,蓝色,大口径重巡炮,32,44,6,11.44,10.04,60,25,12,,锁定,40,穿甲弹,伯鲁克,异色格A2、异色格A4、异色格C2、异色格C4、复刻异色格A2、复刻异色格A4、复刻异色格C2、复刻异色格C4,https://patchwiki.biligame.com/images/blhx/thumb/1/10/a4rqt14meqiontxtjxhjz7hllgy2cmv.jpg/30px-%E4%B8%89%E8%81%94283mmSKC28%E4%B8%BB%E7%82%AET2.jpg
三联283mmSKC28主炮T3,紫色,大口径重巡炮,35,55,6,11.31,8.98,60,25,25,,锁定,40,穿甲弹,伯鲁克,异色格A4、异色格B3、异色格C4、异色格D3、围剿SP3、复刻异色格A4、复刻异色格B3、复刻异色格C4、复刻异色格D3、箱庭疗法A3、箱庭疗法C3、激奏的PolarisSP3,https://patchwiki.biligame.com/images/blhx/thumb/7/78/cmqaszsc640qvpx2nnygn1jq663iepm.jpg/30px-%E4%B8%89%E8%81%94283mmSKC28%E4%B8%BB%E7%82%AET3.jpg
三联283mmSKC34主炮T1,白色,战列炮,34,46,3,24.61,22.81,200,22,5,,跨射,50,通常弹,伯鲁克,,https://patchwiki.biligame.com/images/blhx/thumb/c/ce/rmoammzgl7chqu55ul2ny1r0pfcpsoq.jpg/30px-%E4%B8%89%E8%81%94283mmSKC34%E4%B8%BB%E7%82%AET1.jpg
三联283mmSKC34主炮T2,蓝色,战列炮,37,64,3,23.28,19.89,200,22,12,,跨射,50,通常弹,伯鲁克,异色格A1、异色格C1、凛冬王冠A3、复刻异色格A1、复刻异色格C1,https://patchwiki.biligame.com/images/blhx/thumb/3/3e/85pfui9hr93tpscipvoysklwl3xmd7v.jpg/30px-%E4%B8%89%E8%81%94283mmSKC34%E4%B8%BB%E7%82%AET2.jpg
三联283mmSKC34主炮T3,紫色,战列炮,40,88,3,21.95,16.63,200,22,25,,跨射,50,通常弹,伯鲁克,异色格A2、异色格B3、异色格C2、异色格D3、光荣的一战SP3、凛冬王冠A3、凛冬王冠C3、复刻异色格A2、复刻异色格B3、复刻异色格C2、复刻异色格D3、铁血音符誓言B1,https://patchwiki.biligame.com/images/blhx/thumb/6/69/59ghb3wjgwxrkqoz444f81m4n6r7fgt.jpg/30px-%E4%B8%89%E8%81%94283mmSKC34%E4%B8%BB%E7%82%AET3.jpg
三联装102mm副炮T1,白色,驱逐炮,3,4,3,3.46,3.36,40,20°,5,,锁定,360,通常弹,威斯克,,https://patchwiki.biligame.com/images/blhx/thumb/9/95/6om74fu1sty4h4nunj2zd41q7cato9s.jpg/30px-%E4%B8%89%E8%81%94%E8%A3%85102mm%E5%89%AF%E7%82%AET1.jpg
三联装102mm副炮T2,蓝色,驱逐炮,3,7,3,3.33,3.13,40,20°,12,,锁定,360,通常弹,威斯克,,https://patchwiki.biligame.com/images/blhx/thumb/3/32/p0uqrbm939uy69izm8o5ocdaa889bqg.jpg/30px-%E4%B8%89%E8%81%94%E8%A3%85102mm%E5%89%AF%E7%82%AET2.jpg
三联装102mm副炮T3,紫色,驱逐炮,3,10,3,3.19,2.87,40,20°,25,,锁定,360,通常弹,威斯克,7-1、异色格A1、异色格C1、七夕Sp2、铅色SP1、复刻异色格A1、复刻异色格C1、光与影的鸢尾之华C1、虚拟链接的共时性SP4、铁血音符誓言A1、铁血音符誓言C1、复刻光与影的鸢尾之华C1、神圣的悲喜剧A2、神圣的悲喜剧C2、虚拟与真实的双向镜T6,https://patchwiki.biligame.com/images/blhx/thumb/c/c4/j43z5d1n9jjypcepf6qzt6x3jlm2asq.jpg/30px-%E4%B8%89%E8%81%94%E8%A3%85102mm%E5%89%AF%E7%82%AET3.jpg
三联装152mm主炮Mle1930T1,白色,轻巡炮,7,10,6,4.24,4.11,65,42°,,,散射,120,通常弹,,,https://patchwiki.biligame.com/images/blhx/thumb/4/4e/bz6lhxes0rksyo1lrqbnxafthg35yv7.jpg/30px-%E4%B8%89%E8%81%94%E8%A3%85152mm%E4%B8%BB%E7%82%AEMle1930T1.jpg
三联装152mm主炮Mle1930T3,蓝色,轻巡炮,9,15,6,3.84,3.6,65,42°,12,,散射,120,穿甲弹,,光与影的鸢尾之华B1、复刻光与影的鸢尾之华B1,https://patchwiki.biligame.com/images/blhx/thumb/f/fb/2t45lmkatkww4nf4nq1z920jfpdmfjh.jpg/30px-%E4%B8%89%E8%81%94%E8%A3%85152mm%E4%B8%BB%E7%82%AEMle1930T3.jpg
三联装152mm主炮T1,白色,轻巡炮,7,10,6,5.65,5.41,60,42°,5,,锁定,120,通常弹,克洛希德,,https://patchwiki.biligame.com/images/blhx/thumb/8/8c/q3yszt0b5cypp5mz12eck3pi8ggvid2.jpg/30px-%E4%B8%89%E8%81%94%E8%A3%85152mm%E4%B8%BB%E7%82%AET1.jpg
三联装152mm主炮T1（皇家）,白色,轻巡炮,8,11,6,5.71,5.36,50,42°,5,,锁定,120,穿甲弹,威斯克(未加入),,https://patchwiki.biligame.com/images/blhx/thumb/c/c9/sdh5mina5v3ryjyv06cle9n313ciu8k.jpg/30px-%E4%B8%89%E8%81%94%E8%A3%85152mm%E4%B8%BB%E7%82%AET1%EF%BC%88%E7%9A%87%E5%AE%B6%EF%BC%89.jpg
三联装152mm主炮T2,蓝色,轻巡炮,8,14,6,5.59,5.11,60,42°,12,,锁定,120,通常弹,克洛希德,,https://patchwiki.biligame.com/images/blhx/thumb/0/01/lhcw4ikulbx2zl89nnyvikavy2uyxts.jpg/30px-%E4%B8%89%E8%81%94%E8%A3%85152mm%E4%B8%BB%E7%82%AET2.jpg
三联装152mm主炮T3,紫色,轻巡炮,9,19,6,5.45,4.59,60,42°,25,,锁定,120,高爆弹,克洛希德,4-2、9-4、10-2、10-3、11-4、13-1、坠落之翼A2、坠落之翼C2、异次元SP4、凛冬王冠C1、月光下的序曲SP1、苍红的回响C2、复刻苍红的回响C2、穹顶下的圣咏曲B2、穹顶下的圣咏曲D2,https://patchwiki.biligame.com/images/blhx/thumb/5/58/9q6btpomaoo6oj7ewch0zinj67xf3yd.jpg/30px-%E4%B8%89%E8%81%94%E8%A3%85152mm%E4%B8%BB%E7%82%AET3.jpg
三联装203mm主炮T1,白色,重巡炮,22,28,3,8.15,7.65,60,45°,,,锁定,40,通常弹,克洛希德,,https://patchwiki.biligame.com/images/blhx/thumb/2/2a/t9rnkfrbfsaz2647k6vs0abgrv8b7o0.jpg/30px-%E4%B8%89%E8%81%94%E8%A3%85203mm%E4%B8%BB%E7%82%AET1.jpg
三联装203mm主炮T2,白色,重巡炮,24,30,3,7.75,7.29,60,45°,5,,锁定,40,通常弹,克洛希德,,https://patchwiki.biligame.com/images/blhx/thumb/e/e6/cgoihlo9bvbnxe51h2ohivaj4cqp5y1.jpg/30px-%E4%B8%89%E8%81%94%E8%A3%85203mm%E4%B8%BB%E7%82%AET2.jpg
三联装203mm主炮T3,蓝色,重巡炮,26,39,3,7.37,6.48,60,45°,12,,锁定,40,高爆弹,克洛希德,1-4、坠落之翼A3、异次元SP1、凛冬王冠A2、月光下的序曲SP2、传颂之物SP2、虚拟链接的共时性SP1、微层混合A2,https://patchwiki.biligame.com/images/blhx/thumb/0/02/hl31c1znzwoinan6jjrhbn892uedyrt.jpg/30px-%E4%B8%89%E8%81%94%E8%A3%85203mm%E4%B8%BB%E7%82%AET3.jpg
三联装203mm主炮改进型T1,白色,重巡炮,24,30,3,7.74,7.28,60,45°,5,,锁定,40,通常弹,克洛希德,,https://patchwiki.biligame.com/images/blhx/thumb/1/11/86o6in9879od8ky3yk0b34fkecnw2bo.jpg/30px-%E4%B8%89%E8%81%94%E8%A3%85203mm%E4%B8%BB%E7%82%AE%E6%94%B9%E8%BF%9B%E5%9E%8BT1.jpg
三联装203mm主炮改进型T2,蓝色,重巡炮,26,40,3,7.37,6.48,60,45°,12,,锁定,40,高爆弹,克洛希德,,https://patchwiki.biligame.com/images/blhx/thumb/2/24/0hti1wdblixe8hbd6sgyg203l5ib184.jpg/30px-%E4%B8%89%E8%81%94%E8%A3%85203mm%E4%B8%BB%E7%82%AE%E6%94%B9%E8%BF%9B%E5%9E%8BT2.jpg
三联装203mm主炮改进型T3,紫色,重巡炮,28,52,3,7,5.59,60,45°,25,,锁定,40,高爆弹,克洛希德,4-3、7-3、8-3、8-4、13-1、异色格A2、异色格C2、坠落之翼A3、坠落之翼C3、异次元SP1、墨染B2、墨染D2、复刻异色格A2、复刻异色格C2、月光下的序曲SP2、传颂之物SP2、复刻墨染B2、复刻墨染D2、箱庭疗法B1、箱庭疗法D1、浮樱影华B3、浮樱影华D3、北境序曲C1,https://patchwiki.biligame.com/images/blhx/thumb/9/9b/h4endnti8nxfs0l9z9sb0j9govezep7.jpg/30px-%E4%B8%89%E8%81%94%E8%A3%85203mm%E4%B8%BB%E7%82%AE%E6%94%B9%E8%BF%9B%E5%9E%8BT3.jpg
三联装305mm主炮Model1907T3,蓝色,战列炮,54,92,3,30.59,27.4,200,20,12,,跨射,50,高爆弹,,北境序曲A2,https://patchwiki.biligame.com/images/blhx/thumb/4/49/gqtuoc06ndmntfce3pxh4j44ybblygj.jpg/30px-%E4%B8%89%E8%81%94%E8%A3%85305mm%E4%B8%BB%E7%82%AEModel1907T3.jpg
三联装320mm主炮Model1934T0,蓝色,战列炮,34,80,3,27.27,24.08,200,22,12,,跨射,50,穿甲弹,,神圣的悲喜剧A2,https://patchwiki.biligame.com/images/blhx/thumb/d/de/rac1jg33oid04jjkp1qfo55tnuuwkdw.jpg/30px-%E4%B8%89%E8%81%94%E8%A3%85320mm%E4%B8%BB%E7%82%AEModel1934T0.jpg
三联装356mm主炮T1,白色,战列炮,40,56,3,32.72,31.34,200,22,,,跨射,50,通常弹,克洛希德,,https://patchwiki.biligame.com/images/blhx/thumb/7/78/02k3wuarsuetku3qrlze5zx9orzppvw.jpg/30px-%E4%B8%89%E8%81%94%E8%A3%85356mm%E4%B8%BB%E7%82%AET1.jpg
三联装356mm主炮T2,白色,战列炮,44,61,3,31.17,29.85,200,22,5,,跨射,50,高爆弹,克洛希德,,https://patchwiki.biligame.com/images/blhx/thumb/0/05/dlkfgq10ugchnl33vn1x8khwbnpm2hx.jpg/30px-%E4%B8%89%E8%81%94%E8%A3%85356mm%E4%B8%BB%E7%82%AET2.jpg
三联装356mm主炮T3,蓝色,战列炮,48,84,3,29.61,27.17,200,22,12,,跨射,50,高爆弹,克洛希德,2-1、坠落之翼B1、凛冬王冠B1、墨染A3、复刻墨染A3、箱庭疗法A2,https://patchwiki.biligame.com/images/blhx/thumb/5/54/iv7a2i0d8dpftcks7u0d66802ncsbug.jpg/30px-%E4%B8%89%E8%81%94%E8%A3%85356mm%E4%B8%BB%E7%82%AET3.jpg
三联装381mm主炮Model1934T1,蓝色,战列炮,42,90,3,33.19,29.2,200,24,12,,跨射,50,通常弹,,,https://patchwiki.biligame.com/images/blhx/thumb/a/af/2j16c6xejqhso07kpozqz4wvntg0yq2.jpg/30px-%E4%B8%89%E8%81%94%E8%A3%85381mm%E4%B8%BB%E7%82%AEModel1934T1.jpg
三联装381mm主炮Model1934T2,紫色,战列炮,47,135,3,31.6,25.29,200,24,25,,跨射,50,穿甲弹,,神圣的悲喜剧B2、神圣的悲喜剧D2,https://patchwiki.biligame.com/images/blhx/thumb/f/f0/e0sfk6qc2exfubcmjtgwotiw09sfgtc.jpg/30px-%E4%B8%89%E8%81%94%E8%A3%85381mm%E4%B8%BB%E7%82%AEModel1934T2.jpg
三联装381mm主炮Model1934T3,金色,战列炮,52,148,3,30.02,24.02,200,24,45,,跨射,50,穿甲弹,活动兑换,,https://patchwiki.biligame.com/images/blhx/thumb/d/d4/kcaus6ab5mxr3ojj5i58wjil9ibh9pg.jpg/30px-%E4%B8%89%E8%81%94%E8%A3%85381mm%E4%B8%BB%E7%82%AEModel1934T3.jpg
三联装406mm主炮MK6T1,白色,战列炮,50,74,3,33.19,31.19,200,22,5,,跨射,50,通常弹,克洛希德,,https://patchwiki.biligame.com/images/blhx/thumb/d/d0/ew220uc0635otahyqflfl1l4vc5frfl.jpg/30px-%E4%B8%89%E8%81%94%E8%A3%85406mm%E4%B8%BB%E7%82%AEMK6T1.jpg
三联装406mm主炮MK6T2,蓝色,战列炮,55,108,3,31.6,27.81,200,22,12,,跨射,50,高爆弹,克洛希德,,https://patchwiki.biligame.com/images/blhx/thumb/a/a0/5ppk5ihqhv98f6on7exd7k8v82ctlty.jpg/30px-%E4%B8%89%E8%81%94%E8%A3%85406mm%E4%B8%BB%E7%82%AEMK6T2.jpg
三联装406mm主炮MK6T3,紫色,战列炮,60,156,3,30.02,24.02,200,22,25,,跨射,50,高爆弹,克洛希德,6-2、6-3、坠落之翼B3、坠落之翼D3、凛冬王冠B3、凛冬王冠D3、铁血音符誓言B3、铁血音符誓言D3、铁血音符誓言SP,https://patchwiki.biligame.com/images/blhx/thumb/5/57/lgbv7uip8s195gledsiqdsh5apey1tw.jpg/30px-%E4%B8%89%E8%81%94%E8%A3%85406mm%E4%B8%BB%E7%82%AEMK6T3.jpg
三联装406mm主炮T1,蓝色,战列炮,48,96,3,33.19,29.2,200,22,12,,跨射,50,通常弹,威斯克,,https://patchwiki.biligame.com/images/blhx/thumb/d/de/dn2rbxaewbhm11hb5z8isre5nhuiuc5.jpg/30px-%E4%B8%89%E8%81%94%E8%A3%85406mm%E4%B8%BB%E7%82%AET1.jpg
三联装406mm主炮T2,紫色,战列炮,53,141,3,31.6,25.29,200,22,25,,跨射,50,通常弹,威斯克,7-4、9-4、凛冬王冠B1、凛冬王冠B3、凛冬王冠D1、铁血音符誓言B2、铁血音符誓言D2、北境序曲B1、北境序曲D1、微层混合B1、微层混合D1、微层混合SP,https://patchwiki.biligame.com/images/blhx/thumb/d/d2/oymw8yb89rvkl8j52i9nh23i9utrw2p.jpg/30px-%E4%B8%89%E8%81%94%E8%A3%85406mm%E4%B8%BB%E7%82%AET2.jpg
三联装406mm主炮T3,金色,战列炮,58,154,3,30.02,24.02,200,22,45,,跨射,50,通常弹,威斯克,6-3、凛冬王冠D1、墨染D1、苍红的回响D3、复刻墨染D1、铁血音符誓言D2、浮樱影华C2、北境序曲D1、微层混合D1、微层混合SP、复刻苍红的回响D3,https://patchwiki.biligame.com/images/blhx/thumb/6/60/10h754dadjhmm2enavelqtfo0wtbte9.jpg/30px-%E4%B8%89%E8%81%94%E8%A3%85406mm%E4%B8%BB%E7%82%AET3.jpg
三联装SKC25式150mm主炮T1,白色,轻巡炮,7,10,3,6.58,6.38,50,25°,5,,锁定,120,穿甲弹,伯鲁克,,https://patchwiki.biligame.com/images/blhx/thumb/e/e1/nzabfzrpqv32vmtmp4c794kx64ufrxd.jpg/30px-%E4%B8%89%E8%81%94%E8%A3%85SKC25%E5%BC%8F150mm%E4%B8%BB%E7%82%AET1.jpg
三联装SKC25式150mm主炮T2,蓝色,轻巡炮,8,14,3,6.26,5.88,50,25°,12,,锁定,120,穿甲弹,伯鲁克,,https://patchwiki.biligame.com/images/blhx/thumb/7/70/lrmcuwfxdzzqg344uolecgo76488sei.jpg/30px-%E4%B8%89%E8%81%94%E8%A3%85SKC25%E5%BC%8F150mm%E4%B8%BB%E7%82%AET2.jpg
三联装SKC25式150mm主炮T3,紫色,轻巡炮,9,21,3,5.95,5.36,50,25°,25,,锁定,120,穿甲弹,伯鲁克,4-1、11-3、七夕Sp3、异次元SP4、光与影的鸢尾之华C3、复刻光与影的鸢尾之华C3,https://patchwiki.biligame.com/images/blhx/thumb/2/2f/36j21ywli222qgu59x5hstjm55dn1f9.jpg/30px-%E4%B8%89%E8%81%94%E8%A3%85SKC25%E5%BC%8F150mm%E4%B8%BB%E7%82%AET3.jpg
单装102mm副炮T1,白色,驱逐炮,3,4,1,0.97,0.89,40,5°,,,锁定,360,通常弹,威斯克,,https://patchwiki.biligame.com/images/blhx/thumb/0/0a/bicsjpmz76wikthgc6ho0w3s5j5gv4n.jpg/30px-%E5%8D%95%E8%A3%85102mm%E5%89%AF%E7%82%AET1.jpg
单装102mm副炮T2,白色,驱逐炮,3,4,1,0.94,0.86,40,5°,5,,锁定,360,通常弹,威斯克,,https://patchwiki.biligame.com/images/blhx/thumb/8/8f/ly3cg4d7pjtuzkxwp72huzkbtmnxm5h.jpg/30px-%E5%8D%95%E8%A3%85102mm%E5%89%AF%E7%82%AET2.jpg
单装102mm副炮T3,蓝色,驱逐炮,3,7,1,0.92,0.76,40,5°,12,,锁定,360,通常弹,威斯克,3-2、铁血音符誓言A1,https://patchwiki.biligame.com/images/blhx/thumb/6/6a/0wxsmtzc931w4vs70141b0pwd8r9fwb.jpg/30px-%E5%8D%95%E8%A3%85102mm%E5%89%AF%E7%82%AET3.jpg
单装127mm主炮T1,白色,驱逐炮,4,6,1,1.37,1.28,45,10°,,,锁定,360,穿甲弹,伯鲁克,,https://patchwiki.biligame.com/images/blhx/thumb/e/e7/c3sctwqxfugvrey59wdhtx6k1yqusye.jpg/30px-%E5%8D%95%E8%A3%85127mm%E4%B8%BB%E7%82%AET1.jpg
单装127mm主炮T2,白色,驱逐炮,4,6,1,1.3,1.22,45,10°,5,,锁定,360,穿甲弹,伯鲁克,,https://patchwiki.biligame.com/images/blhx/thumb/b/bd/pmwhzku35tbfu934n6ud52em9lf8olv.jpg/30px-%E5%8D%95%E8%A3%85127mm%E4%B8%BB%E7%82%AET2.jpg
单装127mm主炮T3,蓝色,驱逐炮,4,9,1,1.24,1.09,45,10°,12,,锁定,360,穿甲弹,伯鲁克,1-4、围剿SP1、墨染A4、光与影的鸢尾之华A2、峡湾间的星辰SP1、复刻墨染A4、复刻光与影的鸢尾之华A2、微层混合A2、峡湾间的反击SP1,https://patchwiki.biligame.com/images/blhx/thumb/d/d3/0bnvdjjv57jb3osw5d5js8gd02x0oxp.jpg/30px-%E5%8D%95%E8%A3%85127mm%E4%B8%BB%E7%82%AET3.jpg
单装150mm主炮T1,白色,轻巡炮,14,20,3,2.99,2.77,55,40°,,,通常,120,通常弹,,,https://patchwiki.biligame.com/images/blhx/thumb/8/81/tgzmckhqgbasjzrc6rs5lg7we3md95q.jpg/30px-%E5%8D%95%E8%A3%85150mm%E4%B8%BB%E7%82%AET1.jpg
单装152mm主炮T1,白色,轻巡炮,16,22,3,3.12,2.91,55,40°,0,,通常,120,通常弹,,,https://patchwiki.biligame.com/images/blhx/thumb/d/d2/fwbf6muoz8cgc5dyijrxxgmyssw6ubj.jpg/30px-%E5%8D%95%E8%A3%85152mm%E4%B8%BB%E7%82%AET1.jpg
单装152mm主炮T3,蓝色,轻巡炮,20,34,3,2.81,2.43,55,40°,12,,通常,120,通常弹,,3月2日,https://patchwiki.biligame.com/images/blhx/thumb/6/6e/n64r6wo3n2t94eio32pud6jlgotfd8a.jpg/30px-%E5%8D%95%E8%A3%85152mm%E4%B8%BB%E7%82%AET3.jpg
单装152mm副炮T1,白色,轻巡炮,8,11,3,4.16,3.87,50,14°,,,散射,120,穿甲弹,威斯克,,https://patchwiki.biligame.com/images/blhx/thumb/2/29/paevd7bpray5o6dwbrbpprhygpgp0ly.jpg/30px-%E5%8D%95%E8%A3%85152mm%E5%89%AF%E7%82%AET1.jpg
单装152mm副炮T2,白色,轻巡炮,9,12,3,3.93,3.65,50,14°,5,,散射,120,穿甲弹,威斯克,,https://patchwiki.biligame.com/images/blhx/thumb/1/18/59c9xri7uc6o5ta1x9h1r6y4dv5mg4o.jpg/30px-%E5%8D%95%E8%A3%85152mm%E5%89%AF%E7%82%AET2.jpg
单装152mm副炮T3,蓝色,轻巡炮,10,16,3,3.9,3.34,50,14°,12,,散射,120,穿甲弹,威斯克,2-1、凛冬王冠A1、光与影的鸢尾之华A2、复刻光与影的鸢尾之华A2,https://patchwiki.biligame.com/images/blhx/thumb/6/60/7nkzsjmxh3l81powkpm99y2gasm2xxa.jpg/30px-%E5%8D%95%E8%A3%85152mm%E5%89%AF%E7%82%AET3.jpg
单装155mm副炮Mle1920T0,蓝色,轻巡炮,10,19,4,3.72,3.33,55,15°,12,,锁定,120,通常弹,,穹顶下的圣咏曲A2,https://patchwiki.biligame.com/images/blhx/thumb/8/81/7e7dkuwj83txrzfqf4gdr09qd15prik.jpg/30px-%E5%8D%95%E8%A3%85155mm%E5%89%AF%E7%82%AEMle1920T0.jpg
单装SKC28式150mm主炮T1,白色,轻巡炮,7,10,1,2.19,2,50,15°,5,,锁定,120,穿甲弹,伯鲁克,,https://patchwiki.biligame.com/images/blhx/thumb/5/59/4wektmnavfp1vyl1esj5k0rjnouq0n7.jpg/30px-%E5%8D%95%E8%A3%85SKC28%E5%BC%8F150mm%E4%B8%BB%E7%82%AET1.jpg
单装SKC28式150mm主炮T2,蓝色,轻巡炮,8,14,1,2.09,1.71,50,15°,12,,锁定,120,穿甲弹,伯鲁克,,https://patchwiki.biligame.com/images/blhx/thumb/2/28/mm9zi99wzedpqi5aja9qkaynzr6w6ql.jpg/30px-%E5%8D%95%E8%A3%85SKC28%E5%BC%8F150mm%E4%B8%BB%E7%82%AET2.jpg
单装SKC28式150mm主炮T3,紫色,轻巡炮,9,21,1,1.99,1.38,50,15°,25,,锁定,120,穿甲弹,伯鲁克,2-4、8-1、11-2、围剿SP3、光与影的鸢尾之华A2、光与影的鸢尾之华C2、复刻光与影的鸢尾之华A2、复刻光与影的鸢尾之华C2、最重要的宝物SP2、虚拟与真实的双向镜T3、峡湾间的反击SP1,https://patchwiki.biligame.com/images/blhx/thumb/b/b6/go67sa0z54dit56q2975osdkzc4o39u.jpg/30px-%E5%8D%95%E8%A3%85SKC28%E5%BC%8F150mm%E4%B8%BB%E7%82%AET3.jpg
双联100mm98式高射炮T1,蓝色,驱逐炮,4,7,4,1.33,1.17,45,10°,4,8,锁定,360,通常弹,藏王重工,,https://patchwiki.biligame.com/images/blhx/thumb/5/5e/ifhaqa5w2lgpr8605mzhpurpsvad40h.jpg/30px-%E5%8F%8C%E8%81%94100mm98%E5%BC%8F%E9%AB%98%E5%B0%84%E7%82%AET1.jpg
双联100mm98式高射炮T2,紫色,驱逐炮,4,11,4,1.27,1.02,45,10°,9,16,锁定,360,通常弹,藏王重工,6-1、7-3、8-2、12-4、13-4、墨染A2、墨染C2、苍红的回响B1、苍红的回响B3、苍红的回响D3、复刻墨染A2、复刻墨染C2、虚拟链接的共时性SP4、箱庭疗法A1、箱庭疗法C1、神圣的悲喜剧B2、穿越彼方的水线、虚拟与真实的双向镜T4、复刻苍红的回响B1、复刻苍红的回响B3、复刻苍红的回响D3、穹顶下的圣咏曲C1,https://patchwiki.biligame.com/images/blhx/thumb/1/10/l4blct1nhvhmo4pxhytpvayb1aiclbw.jpg/30px-%E5%8F%8C%E8%81%94100mm98%E5%BC%8F%E9%AB%98%E5%B0%84%E7%82%AET2.jpg
双联100mm98式高射炮T3,金色,驱逐炮,4,12,4,1.2,0.96,45,10°,15,30,锁定,360,通常弹,藏王重工,9-4、12-4、红染D1、墨染C2、苍红的回响C1、复刻墨染C2、箱庭疗法C1、神圣的悲喜剧D1、浮樱影华D2、复刻苍红的回响C1,https://patchwiki.biligame.com/images/blhx/thumb/6/61/tcdgs35b4iuwy3t04wti4xmxcuxbrc8.jpg/30px-%E5%8F%8C%E8%81%94100mm98%E5%BC%8F%E9%AB%98%E5%B0%84%E7%82%AET3.jpg
双联152mm主炮T1,白色,轻巡炮,7,10,4,3.33,3.13,60,28°,,,锁定,120,通常弹,克洛希德,,https://patchwiki.biligame.com/images/blhx/thumb/c/c0/t006y4xtz68czd0s9yugf2oj9rbwl7f.jpg/30px-%E5%8F%8C%E8%81%94152mm%E4%B8%BB%E7%82%AET1.jpg
双联152mm主炮T2,白色,轻巡炮,8,11,4,3.26,3.06,60,28°,5,,锁定,120,通常弹,克洛希德,,https://patchwiki.biligame.com/images/blhx/thumb/3/32/lsferwix7ebu5rng8ogflnr3567dgsd.jpg/30px-%E5%8F%8C%E8%81%94152mm%E4%B8%BB%E7%82%AET2.jpg
双联152mm主炮T3,蓝色,轻巡炮,9,15,4,3.19,2.8,60,28°,12,,锁定,120,通常弹,克洛希德,3-4、坠落之翼A2、凛冬王冠A1,https://patchwiki.biligame.com/images/blhx/thumb/c/c3/2j9d6br2ha80tgafipuisqdx50ke7ye.jpg/30px-%E5%8F%8C%E8%81%94152mm%E4%B8%BB%E7%82%AET3.jpg
双联203mm主炮Model1924T1,白色,重巡炮,22,28,6,10.57,9.88,55,15°,5,,锁定,40,通常弹,,,https://patchwiki.biligame.com/images/blhx/thumb/2/2d/png38zu8g2ayb05s78k11g56wh9vulj.jpg/30px-%E5%8F%8C%E8%81%94203mm%E4%B8%BB%E7%82%AEModel1924T1.jpg
双联203mm主炮Model1927T1,蓝色,重巡炮,19,25,8,11.24,9.84,55,16°,12,,锁定,39,通常弹,,,https://patchwiki.biligame.com/images/blhx/thumb/b/b5/4ta2rtgs8x66a63n2bptupff0kzzx4p.jpg/30px-%E5%8F%8C%E8%81%94203mm%E4%B8%BB%E7%82%AEModel1927T1.jpg
双联203mm主炮Model1927T2,紫色,重巡炮,26,35,8,11.04,8.71,55,16°,25,,锁定,39,穿甲弹,,神圣的悲喜剧B3、神圣的悲喜剧D3、神圣的悲喜剧SP,https://patchwiki.biligame.com/images/blhx/thumb/3/36/0ehqmx2rch9b07aljs0kuconvlh1cak.jpg/30px-%E5%8F%8C%E8%81%94203mm%E4%B8%BB%E7%82%AEModel1927T2.jpg
双联203mm主炮Model1927T3,金色,重巡炮,36,43,8,10.91,8.58,55,16°,45,,锁定,39,半穿甲弹,,神圣的悲喜剧D3、神圣的悲喜剧SP,https://patchwiki.biligame.com/images/blhx/thumb/7/79/ryw6r5abfbd9urnx67mmqudqr3mqisn.jpg/30px-%E5%8F%8C%E8%81%94203mm%E4%B8%BB%E7%82%AEModel1927T3.jpg
双联380mmSKC主炮T1,蓝色,战列炮,48,86,2,25.53,22.42,200,20,12,,跨射,50,通常弹,伯鲁克,,https://patchwiki.biligame.com/images/blhx/thumb/6/62/9t3t5p2g9ymkbmcx68eenduht9mo4fz.jpg/30px-%E5%8F%8C%E8%81%94380mmSKC%E4%B8%BB%E7%82%AET1.jpg
双联380mmSKC主炮T2,紫色,战列炮,53,122,2,24.63,19.36,200,20,25,,跨射,50,穿甲弹,伯鲁克,异色格B4、异色格D4、凛冬王冠B1、凛冬王冠D1、复刻异色格B4、复刻异色格D4、光与影的鸢尾之华B3、光与影的鸢尾之华D3、虚拟链接的共时性SP3、铁血音符誓言B1、铁血音符誓言D1、复刻光与影的鸢尾之华B3、复刻光与影的鸢尾之华D3、复刻光与影的鸢尾之华SP,https://patchwiki.biligame.com/images/blhx/thumb/b/b2/nhocp73rmwbx2dw7zmr8fpeujz8rfze.jpg/30px-%E5%8F%8C%E8%81%94380mmSKC%E4%B8%BB%E7%82%AET2.jpg
双联380mmSKC主炮T3,金色,战列炮,58,132,2,23.06,18.38,200,20,45,,跨射,50,穿甲弹,伯鲁克,异色格D4、凛冬王冠D3、复刻异色格D4、铁血音符誓言D1,https://patchwiki.biligame.com/images/blhx/thumb/9/98/pmnho294oubxk60ue2ziqdz0qtp9bgr.jpg/30px-%E5%8F%8C%E8%81%94380mmSKC%E4%B8%BB%E7%82%AET3.jpg
双联装102mm副炮T1,白色,驱逐炮,3,4,2,1.86,1.78,40,10°,,,锁定,360,通常弹,威斯克,,https://patchwiki.biligame.com/images/blhx/thumb/e/e2/7bjdo0bwngplzv2ana1tykb9gmygnp0.jpg/30px-%E5%8F%8C%E8%81%94%E8%A3%85102mm%E5%89%AF%E7%82%AET1.jpg
双联装102mm副炮T2,白色,驱逐炮,3,4,2,1.78,1.7,40,10°,5,,锁定,360,通常弹,威斯克,,https://patchwiki.biligame.com/images/blhx/thumb/a/aa/2qxt3okrui3fdy5ig5qdj9rgcirpnvl.jpg/30px-%E5%8F%8C%E8%81%94%E8%A3%85102mm%E5%89%AF%E7%82%AET2.jpg
双联装102mm副炮T3,蓝色,驱逐炮,3,7,2,1.68,1.52,40,10°,12,,锁定,360,通常弹,威斯克,3月3日,https://patchwiki.biligame.com/images/blhx/thumb/4/4e/qxuvud5cuylkyewcie219emv4p30mdy.jpg/30px-%E5%8F%8C%E8%81%94%E8%A3%85102mm%E5%89%AF%E7%82%AET3.jpg
双联装114mm高平两用炮MarkIVT0,金色,驱逐炮,4,13,4,1.25,1.01,50,15°,25,20,锁定,360,通常弹,军部科研室,,https://patchwiki.biligame.com/images/blhx/thumb/c/c6/9b8mespnwbn412jf3bgqafwpthdglea.jpg/30px-%E5%8F%8C%E8%81%94%E8%A3%85114mm%E9%AB%98%E5%B9%B3%E4%B8%A4%E7%94%A8%E7%82%AEMarkIVT0.jpg
双联装120mm主炮T1,白色,驱逐炮,4,6,4,1.93,1.85,45,10°,5,,锁定,360,通常弹,威斯克,,https://patchwiki.biligame.com/images/blhx/thumb/c/cd/6o7se19zvbmgasriuucxjlwghivt0p7.jpg/30px-%E5%8F%8C%E8%81%94%E8%A3%85120mm%E4%B8%BB%E7%82%AET1.jpg
双联装120mm主炮T2,蓝色,驱逐炮,4,10,4,1.84,1.68,45,10°,12,,锁定,360,通常弹,威斯克,,https://patchwiki.biligame.com/images/blhx/thumb/7/77/5n9dkm5m61ryfeah1372ng8hpimm5k0.jpg/30px-%E5%8F%8C%E8%81%94%E8%A3%85120mm%E4%B8%BB%E7%82%AET2.jpg
双联装120mm主炮T3,紫色,驱逐炮,4,15,4,1.7,1.44,45,10°,25,,锁定,360,通常弹,威斯克,4-2、8-1、努力希望计划SP2、异色格B4、异色格D4、光荣的一战SP1、光荣的一战SP3、异次元SP3、复刻异色格B4、复刻异色格D4、光与影的鸢尾之华B2、光与影的鸢尾之华D2、传颂之物SP2、峡湾间的星辰SP1、峡湾间的星辰SP2、峡湾间的星辰SP3、虚拟链接的共时性SP4、铁血音符誓言B2、复刻光与影的鸢尾之华B2、复刻光与影的鸢尾之华D2、最重要的宝物SP1、激奏的PolarisSP1,https://patchwiki.biligame.com/images/blhx/thumb/1/15/eyrq1gbfex7qcyjh8th7qhgoz9bdnme.jpg/30px-%E5%8F%8C%E8%81%94%E8%A3%85120mm%E4%B8%BB%E7%82%AET3.jpg
双联装120mm炮Model1933T0,蓝色,驱逐炮,4,9,4,1.77,1.61,55,15°,12,,锁定,360,高爆弹,,神圣的悲喜剧A1,https://patchwiki.biligame.com/images/blhx/thumb/c/ce/2j55ymr9v8q6rk4ypj7kcutymb9yqxj.jpg/30px-%E5%8F%8C%E8%81%94%E8%A3%85120mm%E7%82%AEModel1933T0.jpg
双联装120mm炮Model1936T1,白色,驱逐炮,6,8,4,2.45,2.29,60,15°,5,,锁定,360,通常弹,,,https://patchwiki.biligame.com/images/blhx/thumb/2/2a/gmo8nmit4w8vrn45ryp66n9q0qg5ctr.jpg/30px-%E5%8F%8C%E8%81%94%E8%A3%85120mm%E7%82%AEModel1936T1.jpg
双联装120mm炮Model1936T3,紫色,驱逐炮,6,17,4,2.1,1.59,60,15°,25,,锁定,360,通常弹,,神圣的悲喜剧B1、神圣的悲喜剧D1,https://patchwiki.biligame.com/images/blhx/thumb/3/31/qby4cmruvl7o4mx0pfz95f7cetckqr1.jpg/30px-%E5%8F%8C%E8%81%94%E8%A3%85120mm%E7%82%AEModel1936T3.jpg
双联装127mm高平两用炮MK12T1,蓝色,驱逐炮,4,9,4,2.13,1.93,60,15°,5,7,锁定,360,通常弹,克洛希德,,https://patchwiki.biligame.com/images/blhx/thumb/4/44/k2wdw8mpuugn2goli3cumcevkd67aet.jpg/30px-%E5%8F%8C%E8%81%94%E8%A3%85127mm%E9%AB%98%E5%B9%B3%E4%B8%A4%E7%94%A8%E7%82%AEMK12T1.jpg
双联装127mm高平两用炮MK12T2,紫色,驱逐炮,4,14,4,1.96,1.63,60,15°,11,14,锁定,360,高爆弹,克洛希德,5-1、11-1、异色格A1、异色格C1、铅色SP1、坠落之翼A1、坠落之翼C1、异次元SP3、墨染A2、墨染C2、复刻异色格A1、复刻异色格C1、月光下的序曲SP3、光与影的鸢尾之华B2、光与影的鸢尾之华D2、复刻墨染A2、复刻墨染C2、复刻光与影的鸢尾之华B2、复刻光与影的鸢尾之华D2、箱庭疗法B1、箱庭疗法D1、最重要的宝物SP3、微层混合C1、穹顶下的圣咏曲C1,https://patchwiki.biligame.com/images/blhx/thumb/0/06/dmscd7ljy9mxouc012uyjtg5hfq924c.jpg/30px-%E5%8F%8C%E8%81%94%E8%A3%85127mm%E9%AB%98%E5%B9%B3%E4%B8%A4%E7%94%A8%E7%82%AEMK12T2.jpg
双联装127mm高平两用炮MK12T3,金色,驱逐炮,4,15,4,1.86,1.53,60,15°,20,25,锁定,360,高爆弹,克洛希德,5-1、8-1、10-3、11-1、坠落之翼C1、月光下的序曲SP3、复刻坠落之翼C1、箱庭疗法D1,https://patchwiki.biligame.com/images/blhx/thumb/e/e4/pzkkveo38n47psjojodgk2gu2vsy7ua.jpg/30px-%E5%8F%8C%E8%81%94%E8%A3%85127mm%E9%AB%98%E5%B9%B3%E4%B8%A4%E7%94%A8%E7%82%AEMK12T3.jpg
双联装128mmSKC41高平两用炮T1,白色,驱逐炮,4,6,4,2.36,2.21,45,20°,3,2,锁定,360,穿甲弹,伯鲁克,,https://patchwiki.biligame.com/images/blhx/thumb/a/a4/etiw41rhgcq7oyo41o4b6kptlfxx91a.jpg/30px-%E5%8F%8C%E8%81%94%E8%A3%85128mmSKC41%E9%AB%98%E5%B9%B3%E4%B8%A4%E7%94%A8%E7%82%AET1.jpg
双联装128mmSKC41高平两用炮T2,蓝色,驱逐炮,4,8,4,2.18,1.88,45,20°,7,5,锁定,360,穿甲弹,伯鲁克,异色格A1、异色格C1、复刻异色格A1、复刻异色格C1、峡湾间的星辰SP2、峡湾间的反击SP2,https://patchwiki.biligame.com/images/blhx/thumb/0/0b/lttc5z03pp39qocgpknsu852snqu6em.jpg/30px-%E5%8F%8C%E8%81%94%E8%A3%85128mmSKC41%E9%AB%98%E5%B9%B3%E4%B8%A4%E7%94%A8%E7%82%AET2.jpg
双联装128mmSKC41高平两用炮T3,紫色,驱逐炮,5,11,4,2.02,1.5,45,20°,15,10,锁定,360,穿甲弹,伯鲁克,异色格A1、异色格B4、异色格C1、异色格D4、复刻异色格A1、复刻异色格B4、复刻异色格C1、复刻异色格D4、峡湾间的星辰SP1、峡湾间的星辰SP2、峡湾间的星辰SP3、箱庭疗法A3、箱庭疗法C3、最重要的宝物SP2、虚拟与真实的双向镜T1、穹顶下的圣咏曲C1、峡湾间的反击SP2,https://patchwiki.biligame.com/images/blhx/thumb/9/96/bgs0vrzhu3oi874mty3e3ap1iqyume1.jpg/30px-%E5%8F%8C%E8%81%94%E8%A3%85128mmSKC41%E9%AB%98%E5%B9%B3%E4%B8%A4%E7%94%A8%E7%82%AET3.jpg
双联装130mm主炮Mle1935T1,白色,驱逐炮,9,10,2,1.56,1.46,55,12°,5,,锁定,360,通常弹,,,https://patchwiki.biligame.com/images/blhx/thumb/3/38/8gnj235bagj8nnor35ytgxn7xg6vc2h.jpg/30px-%E5%8F%8C%E8%81%94%E8%A3%85130mm%E4%B8%BB%E7%82%AEMle1935T1.jpg
双联装134mm高炮T1,白色,驱逐炮,4,6,2,1.76,1.65,45,12°,2,3,锁定,360,通常弹,威斯克,,https://patchwiki.biligame.com/images/blhx/thumb/e/e3/00x4k3quas02hdykst7y2276ux70hpj.jpg/30px-%E5%8F%8C%E8%81%94%E8%A3%85134mm%E9%AB%98%E7%82%AET1.jpg
双联装134mm高炮T2,蓝色,驱逐炮,4,8,2,1.68,1.47,45,12°,5,7,锁定,360,穿甲弹,威斯克,,https://patchwiki.biligame.com/images/blhx/thumb/1/15/6lu0ifqiposzp85i3dhnwijldcp9ven.jpg/30px-%E5%8F%8C%E8%81%94%E8%A3%85134mm%E9%AB%98%E7%82%AET2.jpg
双联装134mm高炮T3,紫色,驱逐炮,4,11,2,1.6,1.27,45,12°,10,15,锁定,360,穿甲弹,威斯克,4-1、9-3、凛冬王冠A1、凛冬王冠C1、光与影的鸢尾之华A2、光与影的鸢尾之华C2、峡湾间的星辰SP2、峡湾间的星辰SP3、复刻光与影的鸢尾之华A2、复刻光与影的鸢尾之华C2、微层混合B1、微层混合D1、微层混合SP、穹顶下的圣咏曲C1,https://patchwiki.biligame.com/images/blhx/thumb/9/96/t61k68f3vxstvq61mqg7jv7mi6svsxi.jpg/30px-%E5%8F%8C%E8%81%94%E8%A3%85134mm%E9%AB%98%E7%82%AET3.jpg
双联装152mm主炮Model1892T3,蓝色,轻巡炮,8,14,4,3.23,2.83,60,28°,12,,锁定,120,通常弹,,北境序曲A1,https://patchwiki.biligame.com/images/blhx/thumb/7/74/2sv6dx32m2iu1d03vvkxf9f9xlbe4mq.jpg/30px-%E5%8F%8C%E8%81%94%E8%A3%85152mm%E4%B8%BB%E7%82%AEModel1892T3.jpg
双联装152mm主炮T1,白色,轻巡炮,8,11,4,4.25,4,50,28°,5,,锁定,120,穿甲弹,威斯克,,https://patchwiki.biligame.com/images/blhx/thumb/1/10/4yc9x79l5pq9sgzu8aaykbuthq49uj0.jpg/30px-%E5%8F%8C%E8%81%94%E8%A3%85152mm%E4%B8%BB%E7%82%AET1.jpg
双联装152mm主炮T2,蓝色,轻巡炮,9,15,4,4.1,3.78,50,28°,12,,锁定,120,穿甲弹,威斯克,,https://patchwiki.biligame.com/images/blhx/thumb/a/ae/700j6rs57yggg68guxikasx98oin0v7.jpg/30px-%E5%8F%8C%E8%81%94%E8%A3%85152mm%E4%B8%BB%E7%82%AET2.jpg
双联装152mm主炮T3,紫色,轻巡炮,10,22,4,3.9,3.39,50,28°,25,,锁定,120,穿甲弹,威斯克,4-3、10-1、努力希望计划SP3、异次元SP4、凛冬王冠A1、凛冬王冠C1、光与影的鸢尾之华B1、光与影的鸢尾之华D1、铁血音符誓言B2、铁血音符誓言D2、复刻光与影的鸢尾之华B1、复刻光与影的鸢尾之华D1、神圣的悲喜剧A1、神圣的悲喜剧C1,https://patchwiki.biligame.com/images/blhx/thumb/5/54/hexsl1qw3xlms4b7ocdgrebz24n0fwx.jpg/30px-%E5%8F%8C%E8%81%94%E8%A3%85152mm%E4%B8%BB%E7%82%AET3.jpg
双联装155mm主炮Mle1920T0,蓝色,轻巡炮,10,19,4,3.94,3.33,60,10°,12,,锁定,120,通常弹,,穹顶下的圣咏曲A3,https://patchwiki.biligame.com/images/blhx/thumb/8/82/8w625dqepwjf8k0o0q41jtxg28too4e.jpg/30px-%E5%8F%8C%E8%81%94%E8%A3%85155mm%E4%B8%BB%E7%82%AEMle1920T0.jpg
双联装203mmSKC主炮T1,蓝色,重巡炮,25,37,6,10.31,8.91,55,15°,12,,锁定,40,穿甲弹,伯鲁克,,https://patchwiki.biligame.com/images/blhx/thumb/7/74/8l8m05wnsiet57jh1wn9cbtw9pugle1.jpg/30px-%E5%8F%8C%E8%81%94%E8%A3%85203mmSKC%E4%B8%BB%E7%82%AET1.jpg
双联装203mmSKC主炮T2,紫色,重巡炮,27,47,6,10.11,7.78,55,15°,25,,锁定,40,穿甲弹,伯鲁克,4-3、4-4、8-4、凛冬王冠A2、凛冬王冠C2、虚拟链接的共时性SP1、神圣的悲喜剧B3、神圣的悲喜剧D3、神圣的悲喜剧SP、虚拟与真实的双向镜T3、浮樱影华B3、浮樱影华D3、北境序曲C2、微层混合A2、微层混合C2、穹顶下的圣咏曲D3、穹顶下的圣咏曲SP,https://patchwiki.biligame.com/images/blhx/thumb/5/57/rmby2wyghj7r43giq4k7e7jiyzxy0n2.jpg/30px-%E5%8F%8C%E8%81%94%E8%A3%85203mmSKC%E4%B8%BB%E7%82%AET2.jpg
双联装203mmSKC主炮T3,金色,重巡炮,30,50,6,9.98,7.65,55,15°,45,,锁定,40,穿甲弹,伯鲁克,7-3、8-4、光荣的一战SP1、凛冬王冠C2、苍红的回响D2、浮樱影华D3、北境序曲C2、微层混合C2、复刻苍红的回响D2,https://patchwiki.biligame.com/images/blhx/thumb/e/e4/2ah4flr51jfk8dbvu0vy52tjign67ek.jpg/30px-%E5%8F%8C%E8%81%94%E8%A3%85203mmSKC%E4%B8%BB%E7%82%AET3.jpg
双联装203mm主炮Mle1924(潜艇用)T0,蓝色,絮库夫炮,22,34,4,3.46,3.06,80,12°,12,,锁定,40,通常弹,,,https://patchwiki.biligame.com/images/blhx/thumb/1/18/l24sur6laxsnkcob38sdt7s2dkgrnv5.jpg/30px-%E5%8F%8C%E8%81%94%E8%A3%85203mm%E4%B8%BB%E7%82%AEMle1924%28%E6%BD%9C%E8%89%87%E7%94%A8%29T0.jpg
双联装203mm主炮Mle1924T1,蓝色,重巡炮,26,38,4,9.66,8.06,55,15°,12,,锁定,38,高爆弹,,穹顶下的圣咏曲A3,https://patchwiki.biligame.com/images/blhx/thumb/7/71/es2azc5usqjcl63ujzg332mq08x8btd.jpg/30px-%E5%8F%8C%E8%81%94%E8%A3%85203mm%E4%B8%BB%E7%82%AEMle1924T1.jpg
双联装203mm主炮Mle1924T2,紫色,重巡炮,28,48,4,9.26,6.6,55,15°,25,,锁定,38,高爆弹,,穹顶下的圣咏曲A3、穹顶下的圣咏曲C3、穹顶下的圣咏曲B3、穹顶下的圣咏曲D3、穹顶下的圣咏曲SP,https://patchwiki.biligame.com/images/blhx/thumb/9/9d/t2qi1umgohmv9xs79cn9b4f5crkvd7f.jpg/30px-%E5%8F%8C%E8%81%94%E8%A3%85203mm%E4%B8%BB%E7%82%AEMle1924T2.jpg
双联装203mm主炮Mle1924T3,金色,重巡炮,30,52,4,8.79,6.13,55,15°,45,,锁定,38,高爆弹,,穹顶下的圣咏曲D3、穹顶下的圣咏曲SP,https://patchwiki.biligame.com/images/blhx/thumb/4/4d/326gl4gzjfwjhegut7qrato3tceunk3.jpg/30px-%E5%8F%8C%E8%81%94%E8%A3%85203mm%E4%B8%BB%E7%82%AEMle1924T3.jpg
双联装203mm主炮T1,白色,重巡炮,24,30,4,9.78,9.15,55,15°,5,,锁定,40,通常弹,威斯克,,https://patchwiki.biligame.com/images/blhx/thumb/5/54/3gpt62yti5ohuj387dxfp7fw7dy5xv3.jpg/30px-%E5%8F%8C%E8%81%94%E8%A3%85203mm%E4%B8%BB%E7%82%AET1.jpg
双联装203mm主炮T2,蓝色,重巡炮,26,38,4,9.36,8.1,55,15°,12,,锁定,40,穿甲弹,威斯克,,https://patchwiki.biligame.com/images/blhx/thumb/1/19/1md8ae1ae0x85tblklunaqxna10uxoi.jpg/30px-%E5%8F%8C%E8%81%94%E8%A3%85203mm%E4%B8%BB%E7%82%AET2.jpg
双联装203mm主炮T3,紫色,重巡炮,28,48,4,9.22,6.42,55,15°,25,,锁定,40,穿甲弹,威斯克,4-4、8-4、异色格A2、异色格C2、围剿SP2、异次元SP1、凛冬王冠A2、凛冬王冠C2、复刻异色格A2、复刻异色格C2、传颂之物SP4、铁血音符誓言A1、铁血音符誓言B2、铁血音符誓言C1、铁血音符誓言D2、浮樱影华B3、浮樱影华D3、北境序曲A2、穹顶下的圣咏曲C3,https://patchwiki.biligame.com/images/blhx/thumb/3/30/5u7bcu41ho157u424swzvn00my6n910.jpg/30px-%E5%8F%8C%E8%81%94%E8%A3%85203mm%E4%B8%BB%E7%82%AET3.jpg
双联装381mm主炮.改T0,金色,战列炮,56,133,2,22.28,17.96,200,22,45,,跨射,50,高爆弹,军部科研室,,https://patchwiki.biligame.com/images/blhx/thumb/5/5d/3ffllyodcypxcjlrmm3cfotzdvihi2f.jpg/30px-%E5%8F%8C%E8%81%94%E8%A3%85381mm%E4%B8%BB%E7%82%AE.%E6%94%B9T0.jpg
双联装381mm主炮T1,白色,战列炮,46,64,2,25.86,24.3,200,20,5,,跨射,50,通常弹,威斯克,,https://patchwiki.biligame.com/images/blhx/thumb/5/52/l4pea2sfdksn7xuzqsxskyx35mn7xlk.jpg/30px-%E5%8F%8C%E8%81%94%E8%A3%85381mm%E4%B8%BB%E7%82%AET1.jpg
双联装381mm主炮T2,蓝色,战列炮,51,90,2,24.63,21.67,200,20,12,,跨射,50,穿甲弹,威斯克,,https://patchwiki.biligame.com/images/blhx/thumb/9/90/erhfqryj6negqjon7qbmdu3p0ghlxey.jpg/30px-%E5%8F%8C%E8%81%94%E8%A3%85381mm%E4%B8%BB%E7%82%AET2.jpg
双联装381mm主炮T3,紫色,战列炮,56,128,2,23.39,18.72,200,20,25,,跨射,50,穿甲弹,威斯克,6-2、努力希望计划SP2、异色格A4、异色格C4、凛冬王冠B1、凛冬王冠D1、复刻异色格A4、复刻异色格C4、光与影的鸢尾之华B3、光与影的鸢尾之华D3、虚拟链接的共时性SP3、复刻光与影的鸢尾之华B3、复刻光与影的鸢尾之华D3、复刻光与影的鸢尾之华SP、箱庭疗法A3、箱庭疗法C3,https://patchwiki.biligame.com/images/blhx/thumb/2/23/g3noxlaf1z212s5lhr8pml8rcjhphw5.jpg/30px-%E5%8F%8C%E8%81%94%E8%A3%85381mm%E4%B8%BB%E7%82%AET3.jpg
双联装406mm主炮MK5T1,白色,战列炮,48,72,2,25.94,24.74,200,20,5,,跨射,50,通常弹,克洛希德,,https://patchwiki.biligame.com/images/blhx/thumb/b/bd/oihyuc6o129pxau22mgz92j0wdaiaju.jpg/30px-%E5%8F%8C%E8%81%94%E8%A3%85406mm%E4%B8%BB%E7%82%AEMK5T1.jpg
双联装406mm主炮MK5T2,蓝色,战列炮,53,106,2,25.41,23.01,200,20,12,,跨射,50,穿甲弹,克洛希德,,https://patchwiki.biligame.com/images/blhx/thumb/a/ab/c7z8w42kr16khdgdbvdmb2z0hx1dh7b.jpg/30px-%E5%8F%8C%E8%81%94%E8%A3%85406mm%E4%B8%BB%E7%82%AEMK5T2.jpg
双联装406mm主炮MK5T3,紫色,战列炮,58,154,2,25.14,21.15,200,20,25,,跨射,50,穿甲弹,克洛希德,6-1、6-3、坠落之翼B1、坠落之翼D1、墨染A3、墨染B1、墨染C3、墨染D1、复刻墨染A3、复刻墨染B1、复刻墨染C3、复刻墨染D1、箱庭疗法A2、箱庭疗法C2、虚拟与真实的双向镜T2,https://patchwiki.biligame.com/images/blhx/thumb/1/14/01i56rjaqgqbz1fq8pe9ng6wztlu26n.jpg/30px-%E5%8F%8C%E8%81%94%E8%A3%85406mm%E4%B8%BB%E7%82%AEMK5T3.jpg
双联装TbtsKC36式150mm主炮T1,白色,轻巡炮,7,10,4,3.69,3.57,50,20°,5,,锁定,120,穿甲弹,伯鲁克,,https://patchwiki.biligame.com/images/blhx/thumb/c/c6/i4e5zje6ksruim4t5y4genn5w2eujsb.jpg/30px-%E5%8F%8C%E8%81%94%E8%A3%85TbtsKC36%E5%BC%8F150mm%E4%B8%BB%E7%82%AET1.jpg
双联装TbtsKC36式150mm主炮T2,蓝色,轻巡炮,8,14,4,3.51,3.29,50,20°,12,,锁定,120,穿甲弹,伯鲁克,,https://patchwiki.biligame.com/images/blhx/thumb/e/e9/f57etxtg0l0druli9g6yx80mfzqqs1r.jpg/30px-%E5%8F%8C%E8%81%94%E8%A3%85TbtsKC36%E5%BC%8F150mm%E4%B8%BB%E7%82%AET2.jpg
双联装TbtsKC36式150mm主炮T3,紫色,轻巡炮,9,21,4,3.35,3,50,20°,25,,锁定,120,穿甲弹,伯鲁克,4-2、9-3、11-4、凛冬王冠A1、凛冬王冠C1、光与影的鸢尾之华B1、光与影的鸢尾之华D1、虚拟链接的共时性SP4、铁血音符誓言B1、铁血音符誓言D1、复刻光与影的鸢尾之华B1、复刻光与影的鸢尾之华D1、激奏的PolarisSP2、峡湾间的反击SP2,https://patchwiki.biligame.com/images/blhx/thumb/9/99/oe2v5uqkry38maw26yhmcr4hhy9xveq.jpg/30px-%E5%8F%8C%E8%81%94%E8%A3%85TbtsKC36%E5%BC%8F150mm%E4%B8%BB%E7%82%AET3.jpg
四联装130mm副炮Mle1932T0,蓝色,驱逐炮,4,10,4,1.44,1.28,60,15°,12,,锁定,360,通常弹,,,https://patchwiki.biligame.com/images/blhx/thumb/8/8d/69b1uu2leg0caj97yros1wim3s3g5zn.jpg/30px-%E5%9B%9B%E8%81%94%E8%A3%85130mm%E5%89%AF%E7%82%AEMle1932T0.jpg
四联装330mm主炮Mle1931T1,白色,战列炮,34,49,4,35.58,33.45,200,24,5,,跨射,45,通常弹,,,https://patchwiki.biligame.com/images/blhx/thumb/a/a4/bzj9atisji5dysjrv1bwb8hbnehgmao.jpg/30px-%E5%9B%9B%E8%81%94%E8%A3%85330mm%E4%B8%BB%E7%82%AEMle1931T1.jpg
四联装330mm主炮Mle1931T2,蓝色,战列炮,37,69,4,34.25,30.14,200,24,12,,跨射,45,通常弹,,光与影的鸢尾之华B3、复刻光与影的鸢尾之华B3,https://patchwiki.biligame.com/images/blhx/thumb/5/52/j7w06j997oyichsvjsbuaujbejogn9z.jpg/30px-%E5%9B%9B%E8%81%94%E8%A3%85330mm%E4%B8%BB%E7%82%AEMle1931T2.jpg
四联装330mm主炮Mle1931T3,紫色,战列炮,41,102,4,32.92,26.34,200,24,25,,跨射,45,穿甲弹,,光与影的鸢尾之华B3、光与影的鸢尾之华D3、复刻光与影的鸢尾之华B3、复刻光与影的鸢尾之华D3、复刻光与影的鸢尾之华SP,https://patchwiki.biligame.com/images/blhx/thumb/4/41/1l77np8jnufucsfe9z1fqufimy7n6mg.jpg/30px-%E5%9B%9B%E8%81%94%E8%A3%85330mm%E4%B8%BB%E7%82%AEMle1931T3.jpg
四联装356mm主炮T1,蓝色,战列炮,40,70,4,36.87,34.57,200,25,12,,跨射,50,通常弹,威斯克,,https://patchwiki.biligame.com/images/blhx/thumb/e/e5/ccxwqbdsf8rheb8m22jzjkvfyr7wchh.jpg/30px-%E5%9B%9B%E8%81%94%E8%A3%85356mm%E4%B8%BB%E7%82%AET1.jpg
四联装356mm主炮T2,紫色,战列炮,44,99,4,35.12,30.73,200,25,25,,跨射,50,高爆弹,威斯克,7-3、努力希望计划SP3、凛冬王冠A3、凛冬王冠B3、凛冬王冠C3、凛冬王冠D3、光与影的鸢尾之华A2、光与影的鸢尾之华C2、铁血音符誓言B2、铁血音符誓言D2、复刻光与影的鸢尾之华A2、复刻光与影的鸢尾之华C2,https://patchwiki.biligame.com/images/blhx/thumb/b/be/dhjmhitqr8hohxlckgkohdva5xhoocf.jpg/30px-%E5%9B%9B%E8%81%94%E8%A3%85356mm%E4%B8%BB%E7%82%AET2.jpg
四联装356mm主炮T3,金色,战列炮,48,108,4,33.36,29.19,200,25,45,,跨射,50,高爆弹,威斯克,努力希望计划SP3、光与影的鸢尾之华C2、复刻光与影的鸢尾之华C2、箱庭疗法C2,https://patchwiki.biligame.com/images/blhx/thumb/a/a0/4xwysaqeg7z5z0g2va1wu128stxw4h5.jpg/30px-%E5%9B%9B%E8%81%94%E8%A3%85356mm%E4%B8%BB%E7%82%AET3.jpg
四联装380mm主炮Mle1935T1,蓝色,战列炮,40,76,4,34.92,30.73,200,24,12,,跨射,45,通常弹,,,https://patchwiki.biligame.com/images/blhx/thumb/6/65/orzu2hzyh78w39bvn72lkgg9aa1u7hi.jpg/30px-%E5%9B%9B%E8%81%94%E8%A3%85380mm%E4%B8%BB%E7%82%AEMle1935T1.jpg
四联装380mm主炮Mle1935T2,紫色,战列炮,44,110,4,33.59,26.87,200,24,25,,跨射,45,高爆弹,,光与影的鸢尾之华B3、光与影的鸢尾之华D3、复刻光与影的鸢尾之华B3、复刻光与影的鸢尾之华D3、复刻光与影的鸢尾之华SP、激奏的PolarisSP5、激奏的PolarisSP,https://patchwiki.biligame.com/images/blhx/thumb/6/6f/9wz009e1tvz6bckiw4t8m3nxiek8gie.jpg/30px-%E5%9B%9B%E8%81%94%E8%A3%85380mm%E4%B8%BB%E7%82%AEMle1935T2.jpg
四联装380mm主炮Mle1935T3,金色,战列炮,48,120,4,32.26,25.8,200,24,45,,跨射,45,高爆弹,核心兑换,光与影的鸢尾之华D3、复刻光与影的鸢尾之华D3、复刻光与影的鸢尾之华SP、激奏的PolarisSP5、激奏的PolarisSP、穹顶下的圣咏曲SP,https://patchwiki.biligame.com/images/blhx/thumb/4/49/hmkb2v0ajrye0cwrdmgie0zt1fb1ymr.jpg/30px-%E5%9B%9B%E8%81%94%E8%A3%85380mm%E4%B8%BB%E7%82%AEMle1935T3.jpg
试作型203mm(3号)连装炮T0,金色,重巡炮,28,48,4,8.58,5.92,55,15°,45,,锁定,40,高爆弹,核心兑换,,https://patchwiki.biligame.com/images/blhx/thumb/8/8e/6czc1usozy5xypovdxq3c2s7nmw267e.jpg/30px-%E8%AF%95%E4%BD%9C%E5%9E%8B203mm%283%E5%8F%B7%29%E8%BF%9E%E8%A3%85%E7%82%AET0.jpg
试作型410mm三连装炮T0,金色,战列炮,58,154,3,30.13,24.14,200,22,45,,跨射,50,穿甲弹,军部科研室,,https://patchwiki.biligame.com/images/blhx/thumb/c/cc/61ppdne2fb9o6q20apu142ipv1q6fj0.jpg/30px-%E8%AF%95%E4%BD%9C%E5%9E%8B410mm%E4%B8%89%E8%BF%9E%E8%A3%85%E7%82%AET0.jpg
试作型三联装152mm主炮T0,金色,轻巡炮,11,24,3,3.19,2.86,60,18°,45,,锁定,115,穿甲弹,军部科研室,,https://patchwiki.biligame.com/images/blhx/thumb/a/a9/mccobabhqku0l2abq8aaso4ciaakmcj.jpg/30px-%E8%AF%95%E4%BD%9C%E5%9E%8B%E4%B8%89%E8%81%94%E8%A3%85152mm%E4%B8%BB%E7%82%AET0.jpg
试作型三联装152mm高平两用炮Mk17T0,金色,轻巡炮,5,15,6,3.67,3.27,55,16°,30,15,锁定,115,高爆弹,军部科研室,,https://patchwiki.biligame.com/images/blhx/thumb/8/85/8fsmsscac0b21vhblml39orrcpmhl6z.jpg/30px-%E8%AF%95%E4%BD%9C%E5%9E%8B%E4%B8%89%E8%81%94%E8%A3%85152mm%E9%AB%98%E5%B9%B3%E4%B8%A4%E7%94%A8%E7%82%AEMk17T0.jpg
试作型三联装203mmSKC主炮T0,金色,重巡炮,30,50,6,9.64,7.32,55,22°,45,,锁定,38,穿甲弹,军部科研室,,https://patchwiki.biligame.com/images/blhx/thumb/9/97/hbew3t88u0wqz71wqw2vtgl1fx2ps4x.jpg/30px-%E8%AF%95%E4%BD%9C%E5%9E%8B%E4%B8%89%E8%81%94%E8%A3%85203mmSKC%E4%B8%BB%E7%82%AET0.jpg
试作型三联装203mm舰炮T0,金色,重巡炮,30,52,3,8.05,5.39,60,10°,45,,锁定,38,高爆弹,军部科研室,,https://patchwiki.biligame.com/images/blhx/thumb/1/1e/8y56rtqooug3xs3z0f6jwzcp047g5ud.jpg/30px-%E8%AF%95%E4%BD%9C%E5%9E%8B%E4%B8%89%E8%81%94%E8%A3%85203mm%E8%88%B0%E7%82%AET0.jpg
试作型三联装234mm主炮T0,彩色,重巡炮,35,54,6,10.51,7.85,55,22°,65,,锁定,38,通常弹,军部科研室,,https://patchwiki.biligame.com/images/blhx/thumb/7/7c/m79w8cokv8icqb81x7boag9yggl62kw.jpg/30px-%E8%AF%95%E4%BD%9C%E5%9E%8B%E4%B8%89%E8%81%94%E8%A3%85234mm%E4%B8%BB%E7%82%AET0.jpg
试作型三联装305mmSKC39主炮T0,金色,战列炮,57,105,3,24.18,18.2,200,22,45,,跨射,50,高爆弹,军部科研室,,https://patchwiki.biligame.com/images/blhx/thumb/9/9e/1dpmjazmx1x4hbjpt59su6kpl4uyna2.jpg/30px-%E8%AF%95%E4%BD%9C%E5%9E%8B%E4%B8%89%E8%81%94%E8%A3%85305mmSKC39%E4%B8%BB%E7%82%AET0.jpg
试作型三联装310mm主炮T0,金色,大口径重巡炮,36,56,6,13.06,10.71,65,26,45,,锁定,40,高爆弹,军部科研室,,https://patchwiki.biligame.com/images/blhx/thumb/e/e4/gy9kb387090dnzqqipmbg0janquybhj.jpg/30px-%E8%AF%95%E4%BD%9C%E5%9E%8B%E4%B8%89%E8%81%94%E8%A3%85310mm%E4%B8%BB%E7%82%AET0.jpg
试作型三联装381mm主炮T0,金色,战列炮,56,142,3,28.73,23.14,200,22,45,,跨射,50,高爆弹,军部科研室,,https://patchwiki.biligame.com/images/blhx/thumb/b/b4/7ytd83aj4s65fquehok4r7d8txvgi9c.jpg/30px-%E8%AF%95%E4%BD%9C%E5%9E%8B%E4%B8%89%E8%81%94%E8%A3%85381mm%E4%B8%BB%E7%82%AET0.jpg
试作型三联装406mm/50主炮T0,金色,战列炮,54,150,3,30,24.02,200,22,45,,跨射,50,穿甲弹,军部科研室,,https://patchwiki.biligame.com/images/blhx/thumb/e/ec/a880z8nlnycgtg3zr2gwb8kpo20dwd2.jpg/30px-%E8%AF%95%E4%BD%9C%E5%9E%8B%E4%B8%89%E8%81%94%E8%A3%85406mm-50%E4%B8%BB%E7%82%AET0.jpg
试作型双联装234mm主炮T0,金色,重巡炮,35,54,4,8.83,6.17,55,22°,45,,锁定,38,通常弹,军部科研室,,https://patchwiki.biligame.com/images/blhx/thumb/0/0e/nrhnpf2vc893kcrfcm8n7wocg76dq34.jpg/30px-%E8%AF%95%E4%BD%9C%E5%9E%8B%E5%8F%8C%E8%81%94%E8%A3%85234mm%E4%B8%BB%E7%82%AET0.jpg
试作型双联装406mmSKC主炮T0,金色,战列炮,58,154,2,24.41,19.42,200,20,45,,跨射,50,高爆弹,军部科研室,,https://patchwiki.biligame.com/images/blhx/thumb/1/14/j78ril088s6rdflql9sm21asdjioykx.jpg/30px-%E8%AF%95%E4%BD%9C%E5%9E%8B%E5%8F%8C%E8%81%94%E8%A3%85406mmSKC%E4%B8%BB%E7%82%AET0.jpg
试作型双联装457mm主炮MKAT0,彩色,战列炮,78,207,2,25.65,20.65,200,23,65,,跨射,50,穿甲弹,军部科研室,,https://patchwiki.biligame.com/images/blhx/thumb/f/fd/n5r46jzf8y0f641qckay8465obpyfxv.jpg/30px-%E8%AF%95%E4%BD%9C%E5%9E%8B%E5%8F%8C%E8%81%94%E8%A3%85457mm%E4%B8%BB%E7%82%AEMKAT0.jpg
