name,color,shipType,box,attr1,attr2,attr3,attr4,attr5,attr6,attr7,attr8,skill,drop,icon
100/150号航空燃油T0,紫色,航母, 轻航, 航战,核心兑换,航空初始：28强满：70,-,-,-,-,-,-,-,高效燃油：提高舰载机巡航速度（5点），舰载机耐久增加140点。同类效果取最大值，不可叠加。,,https://patchwiki.biligame.com/images/blhx/thumb/d/d0/ov4xgtiy6k02fjheqkvqs4kswn6d6l4.jpg/30px-150%E5%8F%B7%E8%88%AA%E7%A9%BA%E7%87%83%E6%B2%B9T0.jpg
94式高射装置T0,紫色,驱逐, 轻巡, 重巡, 超巡, 战巡, 战列, 航母, 轻航, 重炮, 维修, 潜艇, 航战,核心兑换,防空初始：22强满：55,命中初始：4强满：10,-,-,-,-,-,-,,,https://patchwiki.biligame.com/images/blhx/thumb/4/40/f0bknlyy1ajl7i9zh8yu3frawb15bzj.jpg/30px-94%E5%BC%8F%E9%AB%98%E5%B0%84%E8%A3%85%E7%BD%AET0.jpg
Fl-282直升机T0,紫色,轻巡,无,反潜初始：9强满：24,-,-,-,-,-,-,-,,,https://patchwiki.biligame.com/images/blhx/thumb/d/d7/26lndfrgfcb0jm076212bzvp9iy5og2.jpg/30px-Fl-282%E7%9B%B4%E5%8D%87%E6%9C%BAT0.jpg
Gamers的证明T0,金色,驱逐, 轻巡, 重巡, 超巡, 战巡, 战列, 航母, 轻航, 重炮, 维修, 潜艇, 航战,无,耐久初始：245强满：550,-,-,-,-,-,-,-,装备后，视作hololive阵营（原阵营同样生效）,,https://patchwiki.biligame.com/images/blhx/thumb/d/d2/4aiwc7rnpo0ppdny2yb3xotir4onmex.jpg/30px-Gamers%E7%9A%84%E8%AF%81%E6%98%8ET0.jpg
SG雷达T1,蓝色,驱逐, 轻巡, 重巡, 超巡, 战巡, 战列, 重炮, 维修, 潜艇, 航战,克洛希德,命中初始：6强满：11,机动初始：2强满：5,-,-,-,-,-,-,提供了极其优秀的侦查，受到伏击概率降低5%，规避伏击概率提高8%，效果不可叠加。,,https://patchwiki.biligame.com/images/blhx/thumb/f/f3/my39cwry80cn5wiel4i45qbly9c601y.jpg/30px-SG%E9%9B%B7%E8%BE%BET1.jpg
SG雷达T2,紫色,驱逐, 轻巡, 重巡, 超巡, 战巡, 战列, 重炮, 维修, 潜艇, 航战,克洛希德,命中初始：9强满：24,机动初始：4强满：10,-,-,-,-,-,-,提供了极其优秀的侦查，受到伏击概率降低8%，规避伏击概率提高8%，效果不可叠加。,6-1、7-4、11-2、坠落之翼A2、坠落之翼C2、光与影的鸢尾之华B1、光与影的鸢尾之华D1、虚拟链接的共时性SP3、复刻光与影的鸢尾之华B1、复刻光与影的鸢尾之华D1、箱庭疗法A3、箱庭疗法C3、神圣的悲喜剧B2、神圣的悲喜剧D2、北境序曲A3、北境序曲C3、北境序曲SP,https://patchwiki.biligame.com/images/blhx/thumb/2/21/dsa3hq2pokfhumlp2i45rhkur5g3v0u.jpg/30px-SG%E9%9B%B7%E8%BE%BET2.jpg
SG雷达T3,金色,驱逐, 轻巡, 重巡, 超巡, 战巡, 战列, 重炮, 维修, 潜艇, 航战,克洛希德,命中初始：14强满：35,机动初始：6强满：15,-,-,-,-,-,-,提供了极其优秀的侦查，受到伏击概率降低12%，规避伏击概率提高12%，效果不可叠加。,6-1、10-2、坠落之翼C2、光与影的鸢尾之华D1、复刻坠落之翼C2、复刻光与影的鸢尾之华D1、箱庭疗法C3、神圣的悲喜剧C1,https://patchwiki.biligame.com/images/blhx/thumb/e/ec/dyi4mg6vo0qpc0sqezmhfyl84odnzx7.jpg/30px-SG%E9%9B%B7%E8%BE%BET3.jpg
TBM-3复仇者(反潜)T1,白色,轻航,深海潜航新手装备补给箱,伤害初始：25×1强满：31×1,反潜5,标准射速初始：4.12s/轮强满：3.92s/轮,-,-,-,-,-,空投深弹-范围up,,https://patchwiki.biligame.com/images/blhx/thumb/7/7e/mvmpys2hh8odbxvwr4g6afdpt4mk345.jpg/30px-TBM-3%E5%A4%8D%E4%BB%87%E8%80%85%28%E5%8F%8D%E6%BD%9C%29T1.jpg
TBM-3复仇者(反潜)T2,蓝色,轻航,深海潜航新手装备补给箱,伤害初始：30×1强满：48×1,反潜12,标准射速初始：3.99s/轮强满：3.51s/轮,-,-,-,-,-,空投深弹-范围up,,https://patchwiki.biligame.com/images/blhx/thumb/0/04/82ic79bvk65e12epj2fofhwk409antn.jpg/30px-TBM-3%E5%A4%8D%E4%BB%87%E8%80%85%28%E5%8F%8D%E6%BD%9C%29T2.jpg
TBM-3复仇者(反潜)T3,紫色,轻航,核心兑换,伤害初始：36×1强满：72×1,反潜25,标准射速初始：3.86s/轮强满：2.86s/轮,-,-,-,-,-,空投深弹-范围up,,https://patchwiki.biligame.com/images/blhx/thumb/4/40/cveqhxz4stwpnrli6kwv0v2bwjkivy4.jpg/30px-TBM-3%E5%A4%8D%E4%BB%87%E8%80%85%28%E5%8F%8D%E6%BD%9C%29T3.jpg
VC装甲钢板T0,紫色,战巡, 战列, 航母, 航战, 超巡,无,耐久初始：220强满：520,-,-,-,-,-,-,-,重甲角色装备时，战斗中受到的穿甲弹伤害降低4%，高爆弹通常弹伤害降低2%,,https://patchwiki.biligame.com/images/blhx/thumb/c/ce/akpxx9vygxpgpppsi2hdkkcjbxqn9ys.jpg/30px-VC%E8%A3%85%E7%94%B2%E9%92%A2%E6%9D%BFT0.jpg
VH装甲钢板T0,金色,战巡, 战列, 航母, 航战, 超巡,无,耐久初始：350强满：650,-,-,-,-,-,-,-,重甲角色装备时，战斗中受到的穿甲弹伤害降低6%，高爆弹通常弹伤害降低3%；
非重甲角色装备时，战斗开始后，自身护甲类型修改为重甲,,https://patchwiki.biligame.com/images/blhx/thumb/4/46/73fla2m1lrbz3enf2gm4047c842wm1j.jpg/30px-VH%E8%A3%85%E7%94%B2%E9%92%A2%E6%9D%BFT0.jpg
Z旗T0,彩色,战巡, 战列, 航母, 航战,无,机动初始：6强满：15,命中初始：4强满：10,幸运5,-,-,-,-,-,Z字旗：自身暴击率提高5%，特定角色装备时，获得额外效果。【三笠（正义之Z）：全体炮击、命中提高5%】,,https://patchwiki.biligame.com/images/blhx/thumb/a/a0/8bg3jxijws01krc6hz9s4mupslmw4o8.jpg/30px-Z%E6%97%97T0.jpg
“宁海号”水上侦察机T0,紫色,轻巡, 重巡, 超巡,无,命中初始：15强满：35,-,-,-,-,-,-,-,空中侦查：放出宁海号进行侦查，受到伏击概率降低8%，规避伏击概率提高8%，效果不可叠加,铅色SP3三星奖励,https://patchwiki.biligame.com/images/blhx/thumb/8/87/fs74531wlxcrexmfp135zqk9s6x62pv.jpg/30px-%E2%80%9C%E5%AE%81%E6%B5%B7%E5%8F%B7%E2%80%9D%E6%B0%B4%E4%B8%8A%E4%BE%A6%E5%AF%9F%E6%9C%BAT0.jpg
一式穿甲弹T0,金色,战巡, 战列, 航战,核心兑换,炮击初始：22强满：55,命中初始：6强满：15,-,-,-,-,-,-,一式穿甲弹：主炮炮击的暴击伤害提升25%,,https://patchwiki.biligame.com/images/blhx/thumb/7/72/exwk4hjenzt8q1bkriw4pial4ax304s.jpg/30px-%E4%B8%80%E5%BC%8F%E7%A9%BF%E7%94%B2%E5%BC%B9T0.jpg
九一式穿甲弹T0,紫色,战巡, 战列, 航战,藏王重工,炮击初始：14强满：35,命中初始：4强满：10,-,-,-,-,-,-,九一式穿甲弹：主炮炮击的暴击伤害提升15%,,https://patchwiki.biligame.com/images/blhx/thumb/f/fb/q1z7q6mckekgqqw2245ouu9s0wkn6sx.jpg/30px-%E4%B9%9D%E4%B8%80%E5%BC%8F%E7%A9%BF%E7%94%B2%E5%BC%B9T0.jpg
九三式纯氧鱼雷T1,紫色,驱逐, 轻巡, 重巡, 超巡, 潜艇,藏王重工,雷击初始：18强满：45,装填初始：3强满：10,-,-,-,-,-,-,,异色格B2、异色格D2、七夕Sp1、红染A1、红染C1,https://patchwiki.biligame.com/images/blhx/thumb/6/6a/r0ci4l8vf3d8wo1je2zpixj4fy0b1bm.jpg/30px-%E4%B9%9D%E4%B8%89%E5%BC%8F%E7%BA%AF%E6%B0%A7%E9%B1%BC%E9%9B%B7T1.jpg
九三式纯氧鱼雷T2,金色,驱逐, 轻巡, 重巡, 超巡, 潜艇,藏王重工,雷击初始：28强满：70,装填初始：3强满：10,-,-,-,-,-,-,,异色格D2、红染C1,https://patchwiki.biligame.com/images/blhx/thumb/9/90/0kxx0r1ljy68kdnbf5fxtyvpvisayrv.jpg/30px-%E4%B9%9D%E4%B8%89%E5%BC%8F%E7%BA%AF%E6%B0%A7%E9%B1%BC%E9%9B%B7T2.jpg
九三式纯氧鱼雷T3,彩色,驱逐, 轻巡, 重巡, 超巡, 潜艇,核心兑换,雷击初始：40强满：100,装填初始：3强满：10,-,-,-,-,-,-,,,https://patchwiki.biligame.com/images/blhx/thumb/b/b3/j9g6hey1cwrx75np0glz0bzonpjej1x.jpg/30px-%E4%B9%9D%E4%B8%89%E5%BC%8F%E7%BA%AF%E6%B0%A7%E9%B1%BC%E9%9B%B7T3.jpg
九八式射击延迟装置T0,紫色,战巡, 战列, 航战, 重炮,核心兑换,炮击初始：12强满：32,-,-,-,-,-,-,-,延时射击：自身装备的主炮散布范围降低2点,,https://patchwiki.biligame.com/images/blhx/thumb/e/ea/32ya1llt5mnvp7scbpu9v42kd6847qe.jpg/30px-%E4%B9%9D%E5%85%AB%E5%BC%8F%E5%B0%84%E5%87%BB%E5%BB%B6%E8%BF%9F%E8%A3%85%E7%BD%AET0.jpg
侦察报告・纽约近海T0,紫色,驱逐, 轻巡, 重巡, 超巡, 战巡, 战列, 航战, 航母, 轻航, 重炮, 维修, 潜艇,无,机动初始：5强满：15,耐久初始：50强满：120,-,-,-,-,-,-,对塞壬防御战术I：装备时：自身受到来自塞壬阵营敌人的伤害降低6%，同类效果取最大值，不可叠加,,https://patchwiki.biligame.com/images/blhx/thumb/a/ae/41z16w03rbbllor67p86031ecvy4vs3.jpg/30px-%E4%BE%A6%E5%AF%9F%E6%8A%A5%E5%91%8A%C2%B7%E7%BA%BD%E7%BA%A6%E8%BF%91%E6%B5%B7T0.jpg
剑鱼Mark II-ASV(反潜)T1,白色,轻航,深海潜航新手装备补给箱,伤害初始：28×1强满：35×1,反潜5,标准射速初始：4.52s/轮强满：4.28s/轮,-,-,-,-,-,空投深弹-标准,,https://patchwiki.biligame.com/images/blhx/thumb/7/70/juilzgp3sd8ed56xxn23yla4vni2kza.jpg/30px-%E5%89%91%E9%B1%BCMark_II-ASV%28%E5%8F%8D%E6%BD%9C%29T1.jpg
剑鱼Mark II-ASV(反潜)T2,蓝色,轻航,深海潜航新手装备补给箱,伤害初始：34×1强满：52×1,反潜12,标准射速初始：4.32s/轮强满：3.76s/轮,-,-,-,-,-,空投深弹-标准,,https://patchwiki.biligame.com/images/blhx/thumb/a/a1/cx8gnteqdkh6ejhevk92df0uwz5p6of.jpg/30px-%E5%89%91%E9%B1%BCMark_II-ASV%28%E5%8F%8D%E6%BD%9C%29T2.jpg
剑鱼Mark II-ASV(反潜)T3,紫色,轻航,无,伤害初始：42*1强满：84*1,反潜25,标准射速初始：4.12s/轮强满：3.06s/轮,-,-,-,-,-,空投深弹-标准,碧蓝海事局复刻异色格活动攻略、复刻异色格PT兑换,https://patchwiki.biligame.com/images/blhx/thumb/1/17/jhipmo7c9az6j4dahjjj5h6fzm6cmhd.jpg/30px-%E5%89%91%E9%B1%BCMark_II-ASV%28%E5%8F%8D%E6%BD%9C%29T3.jpg
四神之印T0,金色,驱逐,核心兑换,耐久初始：250强满：550,-,-,-,-,-,-,-,四神之力：鞍山级驱逐舰装备时，战斗中自身主炮造成的伤害提高16%并强化自身全弹发射样式,,https://patchwiki.biligame.com/images/blhx/thumb/f/fd/rar3j2w0pk3ha8p4486h8fgdl3ugphu.jpg/30px-%E5%9B%9B%E7%A5%9E%E4%B9%8B%E5%8D%B0T0.jpg
基础声呐T1,白色,驱逐, 轻巡,深海潜航新手装备补给箱,反潜初始：1强满：4,命中初始：1强满：3,搜索周期5,搜索范围45,-,-,-,-,,,https://patchwiki.biligame.com/images/blhx/thumb/b/b1/hgbf2sbrzj3lbl7d3ckbntv9fm8q5nn.jpg/30px-%E5%9F%BA%E7%A1%80%E5%A3%B0%E5%91%90T1.jpg
基础声呐T2,蓝色,驱逐, 轻巡,深海潜航新手装备补给箱,反潜初始：3强满：9,命中初始：2强满：5,搜索周期5,搜索范围45,-,-,-,-,,海域救援、破交作战、箱庭疗法A1,https://patchwiki.biligame.com/images/blhx/thumb/c/c0/l71blml6j374h2i29omljg71zoazc11.jpg/30px-%E5%9F%BA%E7%A1%80%E5%A3%B0%E5%91%90T2.jpg
基础声呐T3,紫色,驱逐, 轻巡,无,反潜初始：5强满：18,命中初始：4强满：9,搜索周期4.5,搜索范围45,-,-,-,-,,海域救援、破交作战、箱庭疗法C1、神圣的悲喜剧B1、神圣的悲喜剧D1、虚拟与真实的双向镜T4,https://patchwiki.biligame.com/images/blhx/thumb/9/90/tvk10jjxvr984a9yc04edbm57zcjfo1.jpg/30px-%E5%9F%BA%E7%A1%80%E5%A3%B0%E5%91%90T3.jpg
基础深弹投射器T1,白色,驱逐, 轻巡,深海潜航新手装备补给箱,伤害初始：31×1强满：40×1,反潜初始：强满：,标准射速初始：4.52s/轮强满：4.36s/轮,-,射角360,射程18,散布范围5,弹药通常,,,https://patchwiki.biligame.com/images/blhx/thumb/4/41/qs5xpj0z7thjq56xhiic9ej5i181nry.jpg/30px-%E5%9F%BA%E7%A1%80%E6%B7%B1%E5%BC%B9%E6%8A%95%E5%B0%84%E5%99%A8T1.jpg
基础深弹投射器T2,白色,驱逐, 轻巡,深海潜航新手装备补给箱,伤害初始：38×1强满：48×1,反潜5,标准射速初始：4.39s/轮强满：4.19s/轮,-,射角360,射程18,散布范围5,弹药通常,,,https://patchwiki.biligame.com/images/blhx/thumb/0/02/r79hwgrg5rxp5xundmc1953k8701q5y.jpg/30px-%E5%9F%BA%E7%A1%80%E6%B7%B1%E5%BC%B9%E6%8A%95%E5%B0%84%E5%99%A8T2.jpg
基础深弹投射器T3,蓝色,驱逐, 轻巡,深海潜航新手装备补给箱,伤害初始：45×1强满：73×1,反潜12,标准射速初始：4.26s/轮强满：3.78s/轮,-,射角360,射程18,散布范围5,弹药通常,无,海域救援、破交作战、穿越彼方的水线、激奏的PolarisSP2、虚拟与真实的双向镜T1,https://patchwiki.biligame.com/images/blhx/thumb/c/ca/si1i08z4hx8e3mtjag3xmkhlikear94.jpg/30px-%E5%9F%BA%E7%A1%80%E6%B7%B1%E5%BC%B9%E6%8A%95%E5%B0%84%E5%99%A8T3.jpg
对空雷达T1,白色,驱逐, 轻巡, 重巡, 超巡, 战巡, 战列, 航母, 轻航, 重炮, 维修, 潜艇, 航战,通用,防空初始：10强满：14,-,-,-,-,-,-,-,,,https://patchwiki.biligame.com/images/blhx/thumb/9/9e/e4drapv7drrxuu7syhq4vmgltl6ezy6.jpg/30px-%E5%AF%B9%E7%A9%BA%E9%9B%B7%E8%BE%BET1.jpg
对空雷达T2,蓝色,驱逐, 轻巡, 重巡, 超巡, 战巡, 战列, 航母, 轻航, 重炮, 维修, 潜艇, 航战,通用,防空初始：18强满：34,-,-,-,-,-,-,-,,,https://patchwiki.biligame.com/images/blhx/thumb/3/30/n30u8zbsskkr0he64l9p2plhvk1aavv.jpg/30px-%E5%AF%B9%E7%A9%BA%E9%9B%B7%E8%BE%BET2.jpg
对空雷达T3,紫色,驱逐, 轻巡, 重巡, 超巡, 战巡, 战列, 航母, 轻航, 重炮, 维修, 潜艇, 航战,通用,防空初始：28强满：70,-,-,-,-,-,-,-,,2-3、2-4、异色格B2、异色格D2、坠落之翼A2、坠落之翼C2、复刻异色格B2、复刻异色格D2、神圣的悲喜剧A1、神圣的悲喜剧C1,https://patchwiki.biligame.com/images/blhx/thumb/b/bd/bxqy2f6egywwjnsevgg3fh1avt1j0b2.jpg/30px-%E5%AF%B9%E7%A9%BA%E9%9B%B7%E8%BE%BET3.jpg
小海狸中队队徽T1,金色,驱逐, 轻巡, 重巡, 超巡, 战巡, 战列, 航母, 轻航, 重炮, 维修, 潜艇, 航战,无,机动初始：14强满：35,耐久初始：25强满：75,-,-,-,-,-,-,小海狸中队：全队航速提高20%,查尔斯・奥斯本、撒切尔、奥利克、富特、斯彭斯,https://patchwiki.biligame.com/images/blhx/thumb/4/41/56vol65kbrmhjvrpzzgy9029vt3ly8j.jpg/30px-%E5%B0%8F%E6%B5%B7%E7%8B%B8%E4%B8%AD%E9%98%9F%E9%98%9F%E5%BE%BDT1.jpg
归航信标T0,紫色,航母, 轻航, 航战,核心兑换,航空初始：18强满：60,-,-,-,-,-,-,-,归航引导：空中支援加载时间缩短4%。,,https://patchwiki.biligame.com/images/blhx/thumb/c/ca/t5u5f9n1vw1id1rr1uyxeoiqpu78m6e.jpg/30px-%E5%BD%92%E8%88%AA%E4%BF%A1%E6%A0%87T0.jpg
改良型水下进气管T0,金色,潜艇,核心兑换,氧气初始：34强满：85,-,-,-,-,-,-,-,,,https://patchwiki.biligame.com/images/blhx/thumb/7/7b/k9mn299oq0abp65mc2yfijnrcdmb79d.jpg/30px-%E6%94%B9%E8%89%AF%E5%9E%8B%E6%B0%B4%E4%B8%8B%E8%BF%9B%E6%B0%94%E7%AE%A1T0.jpg
改良声呐T1,蓝色,驱逐, 轻巡,深海潜航新手装备补给箱,反潜初始：4强满：10,命中初始：3强满：6,搜索周期4,搜索范围48,-,-,-,-,,海域救援、破交作战、最重要的宝物SP1、激奏的PolarisSP1、北境序曲A2,https://patchwiki.biligame.com/images/blhx/thumb/e/e4/8979y9m22tn119vdz8ywue0t1q3jr6z.jpg/30px-%E6%94%B9%E8%89%AF%E5%A3%B0%E5%91%90T1.jpg
改良声呐T2,紫色,驱逐, 轻巡,无,反潜初始：9强满：24,命中初始：5强满：10,搜索周期3.8,搜索范围48,-,-,-,-,,海域救援、破交作战、激奏的PolarisSP4、浮樱影华B1、北境序曲C3,https://patchwiki.biligame.com/images/blhx/thumb/b/be/i9154gtr8v8xcfvl9908c7gn4c8izwc.jpg/30px-%E6%94%B9%E8%89%AF%E5%A3%B0%E5%91%90T2.jpg
改良声呐T3,金色,驱逐, 轻巡,无,反潜初始：14强满：35,命中初始：7强满：12,搜索周期3.5,搜索范围48,-,-,-,-,,海域救援、破交作战,https://patchwiki.biligame.com/images/blhx/thumb/6/62/s9gzavizisv6cczkwpuop943edbybl4.jpg/30px-%E6%94%B9%E8%89%AF%E5%A3%B0%E5%91%90T3.jpg
改良深弹投射器T1,白色,驱逐, 轻巡,深海潜航新手装备补给箱,伤害初始：41×1强满：52×1,反潜5,射速初始：4.32s/轮强满：4.12s/轮,-,射角360,射程20,散布范围6,弹药通常,,,https://patchwiki.biligame.com/images/blhx/thumb/b/be/9rfy51d3zzusf8ch7j6hwjjmo2m5vl9.jpg/30px-%E6%94%B9%E8%89%AF%E6%B7%B1%E5%BC%B9%E6%8A%95%E5%B0%84%E5%99%A8T1.jpg
改良深弹投射器T2,蓝色,驱逐, 轻巡,深海潜航新手装备补给箱,伤害初始：48×1强满：78×1,反潜12,射速初始：4.16/轮强满：3.68/轮,-,射角360,射程20,散布范围6,弹药通常,,海域救援、破交作战、箱庭疗法A2、最重要的宝物SP1,https://patchwiki.biligame.com/images/blhx/thumb/5/51/apqc80urtmwgcb2u23nf1n6ec7m8zp3.jpg/30px-%E6%94%B9%E8%89%AF%E6%B7%B1%E5%BC%B9%E6%8A%95%E5%B0%84%E5%99%A8T2.jpg
改良深弹投射器T3,紫色,驱逐, 轻巡,无,伤害初始：55×1强满：120x1,反潜25,标准射速初始：3.99s/轮强满：2.99s/轮,-,射角360,射程20,散布范围6,弹药通常,,海域救援、破交作战、箱庭疗法C2、激奏的PolarisSP4、浮樱影华A3、浮樱影华B2、浮樱影华C3,https://patchwiki.biligame.com/images/blhx/thumb/0/08/gmzma7kj553plx7s0vutzdtflc2lyhb.jpg/30px-%E6%94%B9%E8%89%AF%E6%B7%B1%E5%BC%B9%E6%8A%95%E5%B0%84%E5%99%A8T3.jpg
改良蓄电池阵列T0,金色,潜艇,核心兑换,机动初始：2强满：15,-,-,-,-,-,-,-,远洋巡航II：该角色的狩猎范围等级+1(该装备强化+10时，效果提升为狩猎范围等级+2),,https://patchwiki.biligame.com/images/blhx/thumb/9/97/364bfi0uyj02fdq8brqdv45y3cd9z9l.jpg/30px-%E6%94%B9%E8%89%AF%E8%93%84%E7%94%B5%E6%B1%A0%E9%98%B5%E5%88%97T0.jpg
改良锅炉T1,白色,驱逐, 轻巡, 重巡, 超巡, 战巡, 战列, 航母, 轻航, 重炮, 维修, 潜艇, 航战,通用,耐久初始：35强满：50,航速1,-,-,-,-,-,-,,,https://patchwiki.biligame.com/images/blhx/thumb/3/37/ola0kbinkl6onitpxnrr0tdjmp73mb4.jpg/30px-%E6%94%B9%E8%89%AF%E9%94%85%E7%82%89T1.jpg
改良锅炉T2,蓝色,驱逐, 轻巡, 重巡, 超巡, 战巡, 战列, 航母, 轻航, 重炮, 维修, 潜艇, 航战,通用,耐久初始：63强满：119,航速初始：2强满：4,-,-,-,-,-,-,,,https://patchwiki.biligame.com/images/blhx/thumb/f/f7/g058z2kvxmtdz65579zxyd3qge9dy7t.jpg/30px-%E6%94%B9%E8%89%AF%E9%94%85%E7%82%89T2.jpg
改良锅炉T3,紫色,驱逐, 轻巡, 重巡, 超巡, 战巡, 战列, 航母, 轻航, 重炮, 维修, 潜艇, 航战,通用,耐久初始：98强满：245,航速初始：3强满：8,-,-,-,-,-,-,,5-1、9-1、红染A2、红染C2、坠落之翼C1、围剿SP1、异次元SP3、凛冬王冠B3、光与影的鸢尾之华A3、光与影的鸢尾之华C3、传颂之物SP4、苍红的回响B2、苍红的回响D2、复刻光与影的鸢尾之华A3、复刻光与影的鸢尾之华C3、箱庭疗法B3、箱庭疗法D3、箱庭疗法SP、神圣的悲喜剧B1、神圣的悲喜剧D1、虚拟与真实的双向镜T4、浮樱影华B2、浮樱影华D2、北境序曲C1,https://patchwiki.biligame.com/images/blhx/thumb/a/ab/mx6n9qnyw6uhl9a1e7rgrjpv62ak3cs.jpg/30px-%E6%94%B9%E8%89%AF%E9%94%85%E7%82%89T3.jpg
晃悠悠T0,金色,驱逐, 轻巡, 重巡, 超巡, 战巡, 战列, 航母, 轻航, 重炮, 维修, 潜艇, 航战,无,耐久初始：200强满：500,幸运初始：1强满：2,-,-,-,-,-,-,晃悠悠：装备后，视作KizunaAI阵营（原阵营同样生效）,,https://patchwiki.biligame.com/images/blhx/thumb/6/64/g0l99j647znn40yuj66v3iwv3odrdvn.jpg/30px-%E6%99%83%E6%82%A0%E6%82%A0T0.jpg
智慧模块T0,金色,驱逐, 轻巡, 重巡, 超巡, 战巡, 战列, 航母, 轻航, 重炮, 维修, 潜艇, 航战,无,耐久初始：98强满：245,航速初始：3强满：8,-,-,-,-,-,-,智慧模块：任意KizunaAI装备时，改变自律移动轨迹，不影响演习战斗（绊爱联动活动结束后装备技能失效，数值依旧有用）随着病毒危机的解除（KizunaAI联动活动结束），这件装备失去了特殊效果。,,https://patchwiki.biligame.com/images/blhx/thumb/a/ad/818i9dxoj2lj8ixyi3zeaphcqsy5tes.jpg/30px-%E6%99%BA%E6%85%A7%E6%A8%A1%E5%9D%97T0.jpg
机密文件・极地海峡T0,紫色,驱逐, 轻巡, 重巡, 超巡, 战巡, 战列, 航战, 航母, 轻航, 重炮, 维修, 潜艇,无,炮击初始：10强满：20,耐久初始：100强满：180,-,-,-,-,-,-,对塞壬防御战术I：装备时，自身受到来自塞壬阵营敌人的伤害降低6%，同类效果取最大值，不可叠加,,https://patchwiki.biligame.com/images/blhx/thumb/9/98/m75t0awnwi8c96dvvet162jxxgpani8.jpg/30px-%E6%9C%BA%E5%AF%86%E6%96%87%E4%BB%B6%C2%B7%E6%9E%81%E5%9C%B0%E6%B5%B7%E5%B3%A1T0.jpg
治愈系猫爪T1,金色,维修, 驱逐, 轻巡, 重巡, 超巡, 战巡, 战列, 航母, 轻航, 重炮, 潜艇, 航战,无,耐久初始：120强满：300,-,-,-,-,-,-,-,喵喵治愈：明石装备时生效)所有治疗效果提高20%，不可叠加,明石获取任务,https://patchwiki.biligame.com/images/blhx/thumb/6/61/j6yhe0no0umgcap9nuhgxdf1qqfiqbx.jpg/30px-%E6%B2%BB%E6%84%88%E7%B3%BB%E7%8C%AB%E7%88%AAT1.jpg
海军迷彩T1,白色,驱逐, 轻巡, 重巡, 超巡, 战巡, 战列, 航母, 轻航, 重炮, 维修, 潜艇, 航战,通用,机动初始：2强满：3,耐久初始：14强满：20,-,-,-,-,-,-,,,https://patchwiki.biligame.com/images/blhx/thumb/b/be/nnor8msqzxjtofiilcx5040rrcv7ycu.jpg/30px-%E6%B5%B7%E5%86%9B%E8%BF%B7%E5%BD%A9T1.jpg
海军迷彩T2,白色,驱逐, 轻巡, 重巡, 超巡, 战巡, 战列, 航母, 轻航, 重炮, 维修, 潜艇, 航战,通用,机动初始：5强满：7,耐久初始：16强满：25,-,-,-,-,-,-,,,https://patchwiki.biligame.com/images/blhx/thumb/2/20/24ey1ujvoq8wbeqfd4wl6a6eporjov3.jpg/30px-%E6%B5%B7%E5%86%9B%E8%BF%B7%E5%BD%A9T2.jpg
海军迷彩T3,蓝色,驱逐, 轻巡, 重巡, 超巡, 战巡, 战列, 航母, 轻航, 重炮, 维修, 潜艇, 航战,通用,机动初始：9强满：17,耐久初始：20强满：44,-,-,-,-,-,-,,2-2、箱庭疗法A1、神圣的悲喜剧A2、虚拟与真实的双向镜T2、北境序曲A1,https://patchwiki.biligame.com/images/blhx/thumb/0/02/tv4tph72ozyns89g8vvkj04fz5slfou.jpg/30px-%E6%B5%B7%E5%86%9B%E8%BF%B7%E5%BD%A9T3.jpg
海魂迷彩T0,紫色,驱逐, 轻巡, 重巡, 超巡, 战巡, 战列, 航母, 轻航, 重炮, 维修, 潜艇, 航战,核心兑换,机动初始：8强满：18,耐久初始：35强满：100,-,-,-,-,-,-,,,https://patchwiki.biligame.com/images/blhx/thumb/b/b8/k89isam40o43brl3b51yz08d4b0pkry.jpg/30px-%E6%B5%B7%E9%AD%82%E8%BF%B7%E5%BD%A9T0.jpg
液压弹射装置T1,蓝色,航母, 轻航, 航战,通用,航空初始：18强满：34,耐久初始：18强满：36,-,-,-,-,-,-,,,https://patchwiki.biligame.com/images/blhx/thumb/3/31/bqekgagm9thdi097cryz2hq3yux4m51.jpg/30px-%E6%B6%B2%E5%8E%8B%E5%BC%B9%E5%B0%84%E8%A3%85%E7%BD%AET1.jpg
液压弹射装置T2,紫色,航母, 轻航, 航战,通用,航空初始：28强满：70,耐久初始：20强满：60,-,-,-,-,-,-,,3-2、7-2、11-1、坠落之翼B3、异次元SP2、复刻异色格B4、复刻异色格D4、虚拟链接的共时性SP2、铁血音符誓言A2、铁血音符誓言C2、虚拟与真实的双向镜T5,https://patchwiki.biligame.com/images/blhx/thumb/5/58/nsmwl1a6atkswy1kjog48eqfvsi5s2s.jpg/30px-%E6%B6%B2%E5%8E%8B%E5%BC%B9%E5%B0%84%E8%A3%85%E7%BD%AET2.jpg
液压弹射装置T3,金色,航母, 轻航, 航战,通用,航空初始：40强满：100,耐久初始：25强满：75,-,-,-,-,-,-,,坠落之翼D3、墨染D2、复刻坠落之翼D3、复刻墨染D2、北境序曲D2,https://patchwiki.biligame.com/images/blhx/thumb/3/3d/4h17dprcxeixydyj84mqzvcgfaqz1tc.jpg/30px-%E6%B6%B2%E5%8E%8B%E5%BC%B9%E5%B0%84%E8%A3%85%E7%BD%AET3.jpg
液压舵机T1,白色,驱逐, 轻巡, 重巡, 超巡, 战巡, 战列, 航母, 轻航, 重炮, 维修, 潜艇, 航战,通用,机动初始：2强满：3,耐久初始：14强满：20,-,-,-,-,-,-,,,https://patchwiki.biligame.com/images/blhx/thumb/d/d1/q2cxpzvyz3k6ujd9axqnu3mx4c2iwv4.jpg/30px-%E6%B6%B2%E5%8E%8B%E8%88%B5%E6%9C%BAT1.jpg
液压舵机T2,白色,驱逐, 轻巡, 重巡, 超巡, 战巡, 战列, 航母, 轻航, 重炮, 维修, 潜艇, 航战,通用,机动初始：5强满：7,耐久初始：16强满：25,-,-,-,-,-,-,,,https://patchwiki.biligame.com/images/blhx/thumb/5/54/gp6nic69jl51lichqpx047igv8l1dp5.jpg/30px-%E6%B6%B2%E5%8E%8B%E8%88%B5%E6%9C%BAT2.jpg
液压舵机T3,蓝色,驱逐, 轻巡, 重巡, 超巡, 战巡, 战列, 航母, 轻航, 重炮, 维修, 潜艇, 航战,通用,机动初始：9强满：17,耐久初始：20强满：44,-,-,-,-,-,-,,2-1、异次元SP1、铁血音符誓言A2、穿越彼方的水线,https://patchwiki.biligame.com/images/blhx/thumb/6/69/0z6l6dgnv5tihot4x4zc2u3xxagkvr1.jpg/30px-%E6%B6%B2%E5%8E%8B%E8%88%B5%E6%9C%BAT3.jpg
火控雷达T1,白色,重巡, 超巡, 战巡, 战列, 重炮, 航战,通用,命中初始：3强满：5,炮击初始：3强满：4,-,-,-,-,-,-,,,https://patchwiki.biligame.com/images/blhx/thumb/5/5e/tdzsvlgjjqubhrhhq3lp9d7q94ce0sg.jpg/30px-%E7%81%AB%E6%8E%A7%E9%9B%B7%E8%BE%BET1.jpg
火控雷达T2,蓝色,重巡, 超巡, 战巡, 战列, 重炮, 航战,通用,命中初始：6强满：11,炮击初始：5强满：10,-,-,-,-,-,-,,,https://patchwiki.biligame.com/images/blhx/thumb/e/e8/3evbtl7m5eh3rczrzu9ix2k81vzy5gx.jpg/30px-%E7%81%AB%E6%8E%A7%E9%9B%B7%E8%BE%BET2.jpg
火控雷达T3,紫色,重巡, 超巡, 战巡, 战列, 重炮, 航战,通用,命中初始：9强满：24,炮击初始：8强满：21,-,-,-,-,-,-,,4-3、10-3、铅色SP2、坠落之翼B1、坠落之翼D1、凛冬王冠A3、凛冬王冠C3、墨染B2、墨染D2、传颂之物SP4、苍红的回响A3、苍红的回响C3、复刻墨染B2、复刻墨染D2、铁血音符誓言B3、箱庭疗法B1、箱庭疗法D1、神圣的悲喜剧B3、神圣的悲喜剧D3、神圣的悲喜剧SP、浮樱影华B3、浮樱影华D3、北境序曲B3、北境序曲D3,https://patchwiki.biligame.com/images/blhx/thumb/0/0f/ny8y4c95msll9oi93gtqvsrq63ovl9i.jpg/30px-%E7%81%AB%E6%8E%A7%E9%9B%B7%E8%BE%BET3.jpg
灭火器T1,白色,驱逐, 轻巡, 重巡, 超巡, 战巡, 战列, 航母, 轻航, 重炮, 维修, 潜艇, 航战,通用,耐久初始：50强满：72,-,-,-,-,-,-,-,起火概率降低10%，起火伤害降低10%，同类效果取最大值，不可叠加,,https://patchwiki.biligame.com/images/blhx/thumb/9/9b/2qsvexbkab5aeja9e0mac6y97vx8fpy.jpg/30px-%E7%81%AD%E7%81%AB%E5%99%A8T1.jpg
灭火器T2,白色,驱逐, 轻巡, 重巡, 超巡, 战巡, 战列, 航母, 轻航, 重炮, 维修, 潜艇, 航战,通用,耐久初始：90强满：130,-,-,-,-,-,-,-,起火概率降低20%，持续时间缩短3秒，起火伤害降低15%，同类效果取最大值，不可叠加,,https://patchwiki.biligame.com/images/blhx/thumb/7/75/3c4j0k8h6p2sr8t9u6f4snqbom7kaky.jpg/30px-%E7%81%AD%E7%81%AB%E5%99%A8T2.jpg
灭火器T3,蓝色,驱逐, 轻巡, 重巡, 超巡, 战巡, 战列, 航母, 轻航, 重炮, 维修, 潜艇, 航战,通用,耐久初始：140强满：266,-,-,-,-,-,-,-,起火概率降低30%，持续时间缩短6秒，起火伤害降低20%，同类效果取最大值，不可叠加,2-3、光与影的鸢尾之华A3、复刻光与影的鸢尾之华A3、浮樱影华A2,https://patchwiki.biligame.com/images/blhx/thumb/8/8e/cwk554no7ya0x3i7jy3umhswn4tecyj.jpg/30px-%E7%81%AD%E7%81%AB%E5%99%A8T3.jpg
燃油滤清器T1,白色,驱逐, 轻巡, 重巡, 超巡, 战巡, 战列, 航母, 轻航, 重炮, 维修, 潜艇, 航战,通用,耐久初始：50强满：72,机动2,-,-,-,-,-,-,,,https://patchwiki.biligame.com/images/blhx/thumb/b/bc/o4x965020k1yxxhaqaqx2ugw1xqw27q.jpg/30px-%E7%87%83%E6%B2%B9%E6%BB%A4%E6%B8%85%E5%99%A8T1.jpg
燃油滤清器T2,蓝色,驱逐, 轻巡, 重巡, 超巡, 战巡, 战列, 航母, 轻航, 重炮, 维修, 潜艇, 航战,通用,耐久初始：90强满：171,机动初始：2强满：3,-,-,-,-,-,-,,,https://patchwiki.biligame.com/images/blhx/thumb/f/f7/c6kgzr133gvsoltzw995ny0wqqlguqj.jpg/30px-%E7%87%83%E6%B2%B9%E6%BB%A4%E6%B8%85%E5%99%A8T2.jpg
燃油滤清器T3,紫色,驱逐, 轻巡, 重巡, 超巡, 战巡, 战列, 航母, 轻航, 重炮, 维修, 潜艇, 航战,通用,耐久初始：140强满：350,机动初始：2强满：5,-,-,-,-,-,-,,3-1、9-2、10-4、坠落之翼A3、坠落之翼C3、围剿SP2、凛冬王冠A2、凛冬王冠C2、墨染C1、苍红的回响A3、苍红的回响C3、复刻墨染C1、虚拟链接的共时性SP3、浮樱影华C2,https://patchwiki.biligame.com/images/blhx/thumb/9/93/piyvc7zllkc30c7gonjl0c9nx34t1cs.jpg/30px-%E7%87%83%E6%B2%B9%E6%BB%A4%E6%B8%85%E5%99%A8T3.jpg
玉米灯笼T0,金色,驱逐, 轻巡, 重巡, 超巡, 战巡, 战列, 航母, 轻航, 重炮, 维修, 潜艇, 航战,无,反潜初始：9强满：24,耐久初始：50强满：120,-,-,-,-,-,-,任意hololive联动角色装备时，降低自身在战斗中受到的伤害4%,,https://patchwiki.biligame.com/images/blhx/thumb/0/01/1q2aazmampcygsyqjp38rlqmbnu5er8.jpg/30px-%E7%8E%89%E7%B1%B3%E7%81%AF%E7%AC%BCT0.jpg
珍珠之泪T1,金色,驱逐, 轻巡, 重巡, 超巡, 战巡, 战列, 航母, 轻航, 重炮, 维修, 潜艇, 航战,无,耐久初始：200强满：500,-,-,-,-,-,-,-,珍珠之泪：被击沉时恢复全队其他角色耐久10%,亚利桑那、俄克拉荷马、卡辛、唐斯,https://patchwiki.biligame.com/images/blhx/thumb/8/8a/1kh77p5g8ub5n4eupp8wgoo8humkbjg.jpg/30px-%E7%8F%8D%E7%8F%A0%E4%B9%8B%E6%B3%AAT1.jpg
电动扬弹机T1,白色,驱逐, 轻巡, 重巡, 超巡, 战巡, 战列, 重炮, 维修, 潜艇, 航战,通用,装填初始：2强满：3,炮击初始：0强满：2,-,-,-,-,-,-,,,https://patchwiki.biligame.com/images/blhx/thumb/c/c5/pmvroxeb40qyoxqabj6wkdspmafg2ni.jpg/30px-%E7%94%B5%E5%8A%A8%E6%89%AC%E5%BC%B9%E6%9C%BAT1.jpg
电动扬弹机T2,白色,驱逐, 轻巡, 重巡, 超巡, 战巡, 战列, 重炮, 维修, 潜艇, 航战,通用,装填初始：5强满：7,炮击初始：1强满：4,-,-,-,-,-,-,,,https://patchwiki.biligame.com/images/blhx/thumb/6/6e/gamefxmn8fuijeawsvdhzck8nge6nzq.jpg/30px-%E7%94%B5%E5%8A%A8%E6%89%AC%E5%BC%B9%E6%9C%BAT2.jpg
电动扬弹机T3,蓝色,驱逐, 轻巡, 重巡, 超巡, 战巡, 战列, 重炮, 维修, 潜艇, 航战,通用,装填初始：9强满：17,炮击初始：3强满：5,-,-,-,-,-,-,,1-4、墨染B2、复刻墨染B2、箱庭疗法A1,https://patchwiki.biligame.com/images/blhx/thumb/f/f0/jeqjibbbz68b2rn5uxl3atpll19jrti.jpg/30px-%E7%94%B5%E5%8A%A8%E6%89%AC%E5%BC%B9%E6%9C%BAT3.jpg
约定的证明T0,金色,战巡, 战列, 潜艇,无,机动初始：12强满：20,耐久初始：80强满：150,-,-,-,-,-,-,已抵达的承诺：U556装备该设备时，自身水面作战的持续时间增加4秒，自身狩猎范围等级+1；俾斯麦装备该设备时，主力舰队受到弹药匮乏状态的影响降低（-50%→-35%）,,https://patchwiki.biligame.com/images/blhx/thumb/3/36/tvjo4srpz58z94spi5hwfc9w4vxjxr2.jpg/30px-%E7%BA%A6%E5%AE%9A%E7%9A%84%E8%AF%81%E6%98%8ET0.jpg
组徽T0,金色,驱逐, 轻巡, 重巡, 超巡, 战巡, 战列, 航母, 轻航, 重炮, 维修, 潜艇, 航战,无,机动初始：6强满：15,命中初始：16强满：25,-,-,-,-,-,-,任意hololive联动角色装备时，提升自身在战斗中造成的伤害3%,,https://patchwiki.biligame.com/images/blhx/thumb/f/fe/o1pau2cnr3plah813ndsmiie5kl1428.jpg/30px-%E7%BB%84%E5%BE%BDT0.jpg
维修工具T1,白色,驱逐, 轻巡, 重巡, 超巡, 战巡, 战列, 航母, 轻航, 重炮, 维修, 潜艇, 航战,通用,耐久初始：90强满：130,-,-,-,-,-,-,-,每15秒0.3%缓慢回复耐久，同类效果取最大值，不可叠加,,https://patchwiki.biligame.com/images/blhx/thumb/a/a7/o862l6lvtqaod6f2gfsjzf1493xknb8.jpg/30px-%E7%BB%B4%E4%BF%AE%E5%B7%A5%E5%85%B7T1.jpg
维修工具T2,蓝色,驱逐, 轻巡, 重巡, 超巡, 战巡, 战列, 航母, 轻航, 重炮, 维修, 潜艇, 航战,通用,耐久初始：140强满：266,-,-,-,-,-,-,-,每15秒0.6%缓慢回复耐久，同类效果取最大值，不可叠加,,https://patchwiki.biligame.com/images/blhx/thumb/3/37/bzoggmiqijb6rhj2sk4xpvfy5exb56f.jpg/30px-%E7%BB%B4%E4%BF%AE%E5%B7%A5%E5%85%B7T2.jpg
维修工具T3,紫色,驱逐, 轻巡, 重巡, 超巡, 战巡, 战列, 航母, 轻航, 重炮, 维修, 潜艇, 航战,通用,耐久初始：200强满：500,-,-,-,-,-,-,-,每15秒1.0%缓慢回复耐久，同类效果取最大值，不可叠加,3-4、10-3、铅色SP3、坠落之翼B2、月光下的序曲SP3、苍红的回响B1、苍红的回响D1、铁血音符誓言B3、铁血音符誓言D3、铁血音符誓言SP、浮樱影华B2、浮樱影华D2、北境序曲C1,https://patchwiki.biligame.com/images/blhx/thumb/3/3b/s668xo1wecuclivz8d0wf6wsy0h3s1l.jpg/30px-%E7%BB%B4%E4%BF%AE%E5%B7%A5%E5%85%B7T3.jpg
航空副油箱T1,白色,航母, 轻航, 航战,通用,航空初始：10强满：14,耐久初始：14强满：20,-,-,-,-,-,-,舰载机耐久增加50点，同类效果取最大值，不可叠加,,https://patchwiki.biligame.com/images/blhx/thumb/4/4d/1ibsmxklnchn7fu76z0egb6959vpcrj.jpg/30px-%E8%88%AA%E7%A9%BA%E5%89%AF%E6%B2%B9%E7%AE%B1T1.jpg
航空副油箱T2,蓝色,航母, 轻航, 航战,通用,航空初始：18强满：34,耐久初始：16强满：34,-,-,-,-,-,-,舰载机耐久增加80点，同类效果取最大值，不可叠加,,https://patchwiki.biligame.com/images/blhx/thumb/0/05/cs1mwcul8j4ikzx9z4uzu0nl1bjalcy.jpg/30px-%E8%88%AA%E7%A9%BA%E5%89%AF%E6%B2%B9%E7%AE%B1T2.jpg
航空副油箱T3,紫色,航母, 轻航, 航战,通用,航空初始：28强满：70,耐久初始：20强满：60,-,-,-,-,-,-,舰载机耐久增加120点，同类效果取最大值，不可叠加,5-3、异色格B2、异色格D2、凛冬王冠B2、复刻异色格B2、复刻异色格D2、铁血音符誓言A2、铁血音符誓言C2、神圣的悲喜剧A3、神圣的悲喜剧C3、虚拟与真实的双向镜T5,https://patchwiki.biligame.com/images/blhx/thumb/e/e3/7h8ajjw1t449hagdoyb7ge1xln1zst1.jpg/30px-%E8%88%AA%E7%A9%BA%E5%89%AF%E6%B2%B9%E7%AE%B1T3.jpg
舰艇维修设备T1,蓝色,维修,通用,耐久初始：90强满：171,-,-,-,-,-,-,-,维修Lv1：每5秒回复6点耐久，同类效果取最大值，不可叠加(作用目标为1个，优先百分比血量最少的),,https://patchwiki.biligame.com/images/blhx/thumb/3/31/ebp2slnmcqljqv36y5s9qqfcxf8reuy.jpg/30px-%E8%88%B0%E8%89%87%E7%BB%B4%E4%BF%AE%E8%AE%BE%E5%A4%87T1.jpg
舰艇维修设备T2,紫色,维修,通用,耐久初始：140强满：350,-,-,-,-,-,-,-,维修Lv2：每5秒回复10点耐久，同类效果取最大值，不可叠加(作用目标为1个，优先百分比血量最少的),5-4、9-2、七夕Sp2、围剿SP1、苍红的回响A1、苍红的回响C1,https://patchwiki.biligame.com/images/blhx/thumb/5/5c/acw97xrlle9o2i8o0v64ow2ld8ewbh1.jpg/30px-%E8%88%B0%E8%89%87%E7%BB%B4%E4%BF%AE%E8%AE%BE%E5%A4%87T2.jpg
舰艇维修设备T3,金色,维修,通用,耐久初始：200强满：500,-,-,-,-,-,-,-,维修Lv3：每5秒回复15点耐久，同类效果取最大值，不可叠加(作用目标为1个，优先百分比血量最少的),9-2、红染C2、墨染C3、复刻墨染C3,https://patchwiki.biligame.com/images/blhx/thumb/6/67/gcpvpr95rwebiypyegn4c5o2972g6j7.jpg/30px-%E8%88%B0%E8%89%87%E7%BB%B4%E4%BF%AE%E8%AE%BE%E5%A4%87T3.jpg
超重弹T0,金色,战巡, 战列, 航战,核心兑换,炮击初始：28强满：70,-,-,-,-,-,-,-,超重弹：主炮炮击的暴击率提高8%,,https://patchwiki.biligame.com/images/blhx/thumb/d/da/i4c4w811youmc3suahh3mijccxm1egt.jpg/30px-%E8%B6%85%E9%87%8D%E5%BC%B9T0.jpg
链式装弹机T1,白色,驱逐, 轻巡, 重巡, 超巡, 战巡, 战列, 重炮, 维修, 潜艇, 航战,通用,装填初始：5强满：7,炮击初始：1强满：2,-,-,-,-,-,-,,,https://patchwiki.biligame.com/images/blhx/thumb/4/4a/8bvnqbkdylmjnbrjde12qigs096qbmb.jpg/30px-%E9%93%BE%E5%BC%8F%E8%A3%85%E5%BC%B9%E6%9C%BAT1.jpg
链式装弹机T2,蓝色,驱逐, 轻巡, 重巡, 超巡, 战巡, 战列, 重炮, 维修, 潜艇, 航战,通用,装填初始：9强满：17,炮击初始：2强满：4,-,-,-,-,-,-,,,https://patchwiki.biligame.com/images/blhx/thumb/5/5c/ecerjgf7xwzem8shpdjop5ydeyfuei7.jpg/30px-%E9%93%BE%E5%BC%8F%E8%A3%85%E5%BC%B9%E6%9C%BAT2.jpg
链式装弹机T3,紫色,驱逐, 轻巡, 重巡, 超巡, 战巡, 战列, 重炮, 维修, 潜艇, 航战,通用,装填初始：14强满：35,炮击初始：3强满：7,-,-,-,-,-,-,,6-3、10-1、11-3、坠落之翼B1、坠落之翼D1、凛冬王冠B1、凛冬王冠D1、墨染C2、月光下的序曲SP2、苍红的回响B3、复刻墨染C2、箱庭疗法C1、神圣的悲喜剧B1、神圣的悲喜剧C1、神圣的悲喜剧D1、北境序曲C2、北境序曲SP,https://patchwiki.biligame.com/images/blhx/thumb/d/d0/sfk3ecs62lp6h7hfvbp3yqkgf0e1oc7.jpg/30px-%E9%93%BE%E5%BC%8F%E8%A3%85%E5%BC%B9%E6%9C%BAT3.jpg
防鱼雷隔舱T1,白色,轻巡, 重巡, 超巡, 战巡, 战列, 航母, 轻航, 重炮, 维修, 航战,通用,耐久初始：50强满：72,-,-,-,-,-,-,-,受到鱼雷伤害减少10%，同类效果取最大值，不可叠加,,https://patchwiki.biligame.com/images/blhx/thumb/e/e5/1t4uzljjcn071modtgvrzt541c6vsol.jpg/30px-%E9%98%B2%E9%B1%BC%E9%9B%B7%E9%9A%94%E8%88%B1T1.jpg
防鱼雷隔舱T2,蓝色,轻巡, 重巡, 超巡, 战巡, 战列, 航母, 轻航, 重炮, 维修, 航战,通用,耐久初始：90强满：171,-,-,-,-,-,-,-,受到鱼雷伤害减少20%，同类效果取最大值，不可叠加,,https://patchwiki.biligame.com/images/blhx/thumb/8/87/ahxhdkay7j3xbulxo7c8nt83b4kpzil.jpg/30px-%E9%98%B2%E9%B1%BC%E9%9B%B7%E9%9A%94%E8%88%B1T2.jpg
防鱼雷隔舱T3,紫色,轻巡, 重巡, 超巡, 战巡, 战列, 航母, 轻航, 重炮, 维修, 航战,通用,耐久初始：140强满：350,-,-,-,-,-,-,-,受到鱼雷伤害减少30%，同类效果取最大值，不可叠加,4-1、7-4、10-2、墨染C3、月光下的序曲SP1、复刻墨染C3、铁血音符誓言B3、铁血音符誓言D3、铁血音符誓言SP、神圣的悲喜剧B3、神圣的悲喜剧D3、神圣的悲喜剧SP、虚拟与真实的双向镜T3、虚拟与真实的双向镜SP、浮樱影华A2、浮樱影华C2、北境序曲B3,https://patchwiki.biligame.com/images/blhx/thumb/4/4c/irnaefxbey9mfstahn1dstmlxpi115c.jpg/30px-%E9%98%B2%E9%B1%BC%E9%9B%B7%E9%9A%94%E8%88%B1T3.jpg
陀螺仪T1,白色,驱逐, 轻巡, 重巡, 超巡, 战巡, 战列, 重炮, 维修, 潜艇, 航战,通用,命中初始：5强满：7,航速1,-,-,-,-,-,-,,,https://patchwiki.biligame.com/images/blhx/thumb/7/73/h5rf92hrsbhq4xvebm4roipo7yuyq03.jpg/30px-%E9%99%80%E8%9E%BA%E4%BB%AAT1.jpg
陀螺仪T2,蓝色,驱逐, 轻巡, 重巡, 超巡, 战巡, 战列, 重炮, 维修, 潜艇, 航战,通用,命中初始：9强满：17,航速初始：2强满：4,-,-,-,-,-,-,,,https://patchwiki.biligame.com/images/blhx/thumb/d/dd/lok3ypd0vrx4la6dvdcvckwm6uc4bh8.jpg/30px-%E9%99%80%E8%9E%BA%E4%BB%AAT2.jpg
陀螺仪T3,紫色,驱逐, 轻巡, 重巡, 超巡, 战巡, 战列, 重炮, 维修, 潜艇, 航战,通用,命中初始：14强满：35,航速初始：3强满：8,-,-,-,-,-,-,,6-2、10-2、七夕Sp3、坠落之翼A3、坠落之翼C3、凛冬王冠A2、凛冬王冠C2、神圣的悲喜剧B1,https://patchwiki.biligame.com/images/blhx/thumb/e/e1/12va7jxht2rrgdob77dejb6nbumhwuz.jpg/30px-%E9%99%80%E8%9E%BA%E4%BB%AAT3.jpg
随机单词生成器T0,金色,驱逐, 轻巡, 重巡, 超巡, 战巡, 战列, 航母, 轻航, 重炮, 维修, 潜艇, 航战,无,命中初始：16强满：25,机动初始：6强满：15,-,-,-,-,-,-,随机单词生成器：任意KizunaAI装备时，战斗开始时，将改变主武器的装备外观,,https://patchwiki.biligame.com/images/blhx/thumb/c/c5/5gk6kuenr5a53d5zgl3hcdgr79jbvr2.jpg/30px-%E9%9A%8F%E6%9C%BA%E5%8D%95%E8%AF%8D%E7%94%9F%E6%88%90%E5%99%A8T0.jpg
高压氧气瓶T0,紫色,潜艇,无,氧气初始：18强满：45,-,-,-,-,-,-,-,,碧蓝海事局复刻异色格活动攻略、复刻异色格PT兑换,https://patchwiki.biligame.com/images/blhx/thumb/e/e3/02vsv8d517pq0xj1wl96on84eyrfjob.jpg/30px-%E9%AB%98%E5%8E%8B%E6%B0%A7%E6%B0%94%E7%93%B6T0.jpg
高性能对空雷达T0,金色,驱逐, 轻巡, 重巡, 超巡, 战巡, 战列, 航母, 轻航, 重炮, 维修, 潜艇, 航战,军部科研室,防空初始：40强满：100,-,-,-,-,-,-,-,对空搜索：提供了优秀的对空搜索，受到伏击概率降低12%，效果不可叠加。,,https://patchwiki.biligame.com/images/blhx/thumb/7/72/e9g8z2874soigyf9ghd3oht9s38q9gi.jpg/30px-%E9%AB%98%E6%80%A7%E8%83%BD%E5%AF%B9%E7%A9%BA%E9%9B%B7%E8%BE%BET0.jpg
高性能火控雷达T0,金色,战巡, 战列, 航战, 重炮,活动兑换,命中初始：14强满：36,炮击初始：12强满：30,-,-,-,-,-,-,精确锁定：第一轮主炮准备时间缩短15%,,https://patchwiki.biligame.com/images/blhx/thumb/0/07/breixwiaqpf6idmjs31id54we96zvdd.jpg/30px-%E9%AB%98%E6%80%A7%E8%83%BD%E7%81%AB%E6%8E%A7%E9%9B%B7%E8%BE%BET0.jpg
高性能舵机T0,金色,驱逐, 轻巡, 重巡, 超巡, 战巡, 战列, 航战, 航母, 轻航, 重炮, 维修, 潜艇,军部科研室,机动初始：16强满：40,耐久初始：24强满：60,-,-,-,-,-,-,机动回避：每20秒有30%概率触发，自身2秒内完全回避攻击伤害(无法回避碰撞、起火等状态造成的伤害),,https://patchwiki.biligame.com/images/blhx/thumb/8/8a/dj2qccmpiqzq1780f9x67d692fq1s57.jpg/30px-%E9%AB%98%E6%80%A7%E8%83%BD%E8%88%B5%E6%9C%BAT0.jpg
cK肝T0,金色,驱逐, 轻巡, 重巡, 超巡, 战巡, 战列, 航母, 轻航, 重炮, 维修, 潜艇, 航战,无,耐久初始：98强满：245,航速初始：3强满：8,-,-,-,-,-,-,带着这个的话，或许能改变战斗BGM？,,https://patchwiki.biligame.com/images/blhx/thumb/4/40/a18fy5vujokusxsoimdrdvtum98ksne.jpg/30px-%E9%AE%9F%E9%B1%87%E8%82%9DT0.jpg